0,0,corr,p
No_action,No_action,1.0,0.0
No_action,No_new_comparative_trial,0.3465784676126803,0.006672787370282022
No_action,Prediction_Current_same_rule,0.03618879343683823,0.7836924578579283
No_action,Prediction_Voltage_Drop_same_rule,-0.10870592057147711,0.4083654255864635
No_action,Confidence_Current_verify_prediction,-0.2870307502113943,0.026176884286379258
No_action,Confidence_Voltage_Drop_verify_prediction,-0.35913433938508016,0.0048323860630188065
No_action,Rule_Current_Confirming_Redundancy,0.4165983134137846,0.0009296785529906693
No_action,Rule_Voltage_Drop_Confirming_Redundancy,0.2558050549889753,0.048526033405075684
No_action,Post_test_Current_non_normative,0.3626721983933163,0.0044022023654127765
No_action,Post_test_Voltage_Drop_non_normative,0.35348019119641616,0.005596980378638925
No_action,New_comparative_trial,-0.3465784676126803,0.006672787370282022
No_action,Prediction_Current_Fill_up_gaps,-0.5040832459671108,4.021694940989943e-05
No_action,Prediction_Voltage_Drop_Fill_up_gaps,-0.5144553470928276,2.611239854213377e-05
No_action,Confidence_Current_falsify_prediction,-0.3128305825932368,0.01494852178362302
No_action,Confidence_Voltage_Drop_falsify_prediction,-0.37442231631143685,0.003205865361795002
No_action,Identify_problem_goal_stated,-0.8084816686639805,5.664168770067284e-15
No_action,Rule_Current_Simultaneous_scanning,-0.21818962840741946,0.09397700095934197
No_action,Rule_Voltage_Drop_Simultaneous_scanning,-0.31475429447659453,0.014309602792083818
No_action,Rule_Current_Successive_scanning,-0.17824736481132497,0.17301047332771932
No_action,Rule_Voltage_Drop_Successive_scanning,-0.16447806397528833,0.20918340125162385
No_action,Rule_Current_Focus_gambling,-0.13179399499224884,0.3154828268557769
No_action,Rule_Voltage_Drop_Focus_gambling,-0.3073780146038776,0.016894070573045053
No_action,Rule_Current_Conservative_Focusing,-0.5963858960809986,4.949678680960727e-07
No_action,Rule_Voltage_Drop_Conservative_Focusing,-0.6477849503631165,2.2128926641116232e-08
No_action,Post_test_Current_partial,0.20959614144401564,0.10799270067486434
No_action,Post_test_Voltage_Drop_partial,0.2273316550418383,0.0806699641878071
No_action,Post_test_Current_1_Valid_link,0.0431856633575411,0.7431908628593268
No_action,Post_test_Voltage_Drop_1_Valid_link,-0.11041743699016954,0.4009811077564751
No_action,Post_test_Current_2_Valid_links,-0.680680110391304,2.182755695343914e-09
No_action,Post_test_Voltage_Drop_2_Valid_links,-0.5341771546065245,1.1037585383371294e-05
No_new_comparative_trial,No_action,0.3465784676126803,0.006672787370282022
No_new_comparative_trial,No_new_comparative_trial,1.0,0.0
No_new_comparative_trial,Prediction_Current_same_rule,-0.11767008923515915,0.37056735103395233
No_new_comparative_trial,Prediction_Voltage_Drop_same_rule,-0.19397240564362597,0.13753267908650654
No_new_comparative_trial,Confidence_Current_verify_prediction,-0.2988874497797616,0.020353160703862724
No_new_comparative_trial,Confidence_Voltage_Drop_verify_prediction,-0.34068290215015556,0.0077309332504203535
No_new_comparative_trial,Rule_Current_Confirming_Redundancy,0.4432403328382942,0.00039000356698374797
No_new_comparative_trial,Rule_Voltage_Drop_Confirming_Redundancy,0.5340780806992305,1.1086941215183504e-05
No_new_comparative_trial,Post_test_Current_non_normative,0.8033617310539417,1.128043658749697e-14
No_new_comparative_trial,Post_test_Voltage_Drop_non_normative,0.8174982127673406,1.5989541534102896e-15
No_new_comparative_trial,New_comparative_trial,-1.0,0.0
No_new_comparative_trial,Prediction_Current_Fill_up_gaps,-0.6029687909895726,3.427032105090528e-07
No_new_comparative_trial,Prediction_Voltage_Drop_Fill_up_gaps,-0.5107392048096706,3.053152291699754e-05
No_new_comparative_trial,Confidence_Current_falsify_prediction,-0.5543722622939803,4.31315989299565e-06
No_new_comparative_trial,Confidence_Voltage_Drop_falsify_prediction,-0.46788746614439286,0.00016350374326554637
No_new_comparative_trial,Identify_problem_goal_stated,-0.31714392756765303,0.013548723670900441
No_new_comparative_trial,Rule_Current_Simultaneous_scanning,-0.4808315721109956,0.00010080711623116366
No_new_comparative_trial,Rule_Voltage_Drop_Simultaneous_scanning,-0.5512872507959615,4.9987489474100045e-06
No_new_comparative_trial,Rule_Current_Successive_scanning,-0.5951548033013052,5.297135581843037e-07
No_new_comparative_trial,Rule_Voltage_Drop_Successive_scanning,-0.46582800221564546,0.00017627061895661192
No_new_comparative_trial,Rule_Current_Focus_gambling,-0.2352002315818805,0.07045120913815434
No_new_comparative_trial,Rule_Voltage_Drop_Focus_gambling,-0.31714392756765303,0.013548723670900441
No_new_comparative_trial,Rule_Current_Conservative_Focusing,-0.24817361982432326,0.05588457597331227
No_new_comparative_trial,Rule_Voltage_Drop_Conservative_Focusing,-0.22093214742813916,0.08981659102490623
No_new_comparative_trial,Post_test_Current_partial,-0.371884218998905,0.003436539970377946
No_new_comparative_trial,Post_test_Voltage_Drop_partial,-0.3468351179134017,0.00662975474279625
No_new_comparative_trial,Post_test_Current_1_Valid_link,-0.22093214742813916,0.08981659102490623
No_new_comparative_trial,Post_test_Voltage_Drop_1_Valid_link,-0.17530790204692587,0.1803215397880013
No_new_comparative_trial,Post_test_Current_2_Valid_links,-0.2765957446808511,0.032406384690071684
No_new_comparative_trial,Post_test_Voltage_Drop_2_Valid_links,-0.30364219331358366,0.01834863220303801
Prediction_Current_same_rule,No_action,0.03618879343683823,0.7836924578579283
Prediction_Current_same_rule,No_new_comparative_trial,-0.11767008923515915,0.37056735103395233
Prediction_Current_same_rule,Prediction_Current_same_rule,1.0,0.0
Prediction_Current_same_rule,Prediction_Voltage_Drop_same_rule,0.6406843840395655,3.518749312990482e-08
Prediction_Current_same_rule,Confidence_Current_verify_prediction,0.7757558209669039,3.3650300640222415e-13
Prediction_Current_same_rule,Confidence_Voltage_Drop_verify_prediction,0.6220073544058077,1.1279488893089316e-07
Prediction_Current_same_rule,Rule_Current_Confirming_Redundancy,0.4203196014151591,0.0008269305234800906
Prediction_Current_same_rule,Rule_Voltage_Drop_Confirming_Redundancy,0.24719428409123903,0.0568911692772104
Prediction_Current_same_rule,Post_test_Current_non_normative,0.05118649066034303,0.6977177562932292
Prediction_Current_same_rule,Post_test_Voltage_Drop_non_normative,-0.22751689761930863,0.08041661207740451
Prediction_Current_same_rule,New_comparative_trial,0.11767008923515915,0.37056735103395233
Prediction_Current_same_rule,Prediction_Current_Fill_up_gaps,-0.356213374901957,0.005215040358194835
Prediction_Current_same_rule,Prediction_Voltage_Drop_Fill_up_gaps,0.05864567665443858,0.6562511659955657
Prediction_Current_same_rule,Confidence_Current_falsify_prediction,-0.22707429813308685,0.08102299263150727
Prediction_Current_same_rule,Confidence_Voltage_Drop_falsify_prediction,-0.025996138256064182,0.8437003208109498
Prediction_Current_same_rule,Identify_problem_goal_stated,-0.09783528222958882,0.4570737691469028
Prediction_Current_same_rule,Rule_Current_Simultaneous_scanning,0.5512385347451839,5.010347965004773e-06
Prediction_Current_same_rule,Rule_Voltage_Drop_Simultaneous_scanning,0.20984926561746411,0.10755804500768011
Prediction_Current_same_rule,Rule_Current_Successive_scanning,0.11516433809221194,0.3809136266050177
Prediction_Current_same_rule,Rule_Voltage_Drop_Successive_scanning,0.45737502466013225,0.00023881133983523576
Prediction_Current_same_rule,Rule_Current_Focus_gambling,-0.11748922072804803,0.37130841744319865
Prediction_Current_same_rule,Rule_Voltage_Drop_Focus_gambling,-0.2074579478603329,0.11171854709639192
Prediction_Current_same_rule,Rule_Current_Conservative_Focusing,-0.2793345448408952,0.03066244137847363
Prediction_Current_same_rule,Rule_Voltage_Drop_Conservative_Focusing,-0.10510657708652646,0.42414958332171104
Prediction_Current_same_rule,Post_test_Current_partial,-0.13490205844733796,0.3041040261853354
Prediction_Current_same_rule,Post_test_Voltage_Drop_partial,0.2585551196911156,0.046076873466776955
Prediction_Current_same_rule,Post_test_Current_1_Valid_link,0.2802842055640706,0.030076369007354043
Prediction_Current_same_rule,Post_test_Voltage_Drop_1_Valid_link,-0.05733834773581985,0.663448984929233
Prediction_Current_same_rule,Post_test_Current_2_Valid_links,-0.14550602432304627,0.26730439838982567
Prediction_Current_same_rule,Post_test_Voltage_Drop_2_Valid_links,-0.025279655291034292,0.8479562263528093
Prediction_Voltage_Drop_same_rule,No_action,-0.10870592057147711,0.4083654255864635
Prediction_Voltage_Drop_same_rule,No_new_comparative_trial,-0.19397240564362597,0.13753267908650654
Prediction_Voltage_Drop_same_rule,Prediction_Current_same_rule,0.6406843840395655,3.518749312990482e-08
Prediction_Voltage_Drop_same_rule,Prediction_Voltage_Drop_same_rule,1.0,0.0
Prediction_Voltage_Drop_same_rule,Confidence_Current_verify_prediction,0.6889702953213309,1.160817373155408e-09
Prediction_Voltage_Drop_same_rule,Confidence_Voltage_Drop_verify_prediction,0.8189492348180286,1.296038154414854e-15
Prediction_Voltage_Drop_same_rule,Rule_Current_Confirming_Redundancy,0.42140873467914286,0.0007988630909674139
Prediction_Voltage_Drop_same_rule,Rule_Voltage_Drop_Confirming_Redundancy,0.21888690480993206,0.09290523262188805
Prediction_Voltage_Drop_same_rule,Post_test_Current_non_normative,-0.19273711463169355,0.14010433760139498
Prediction_Voltage_Drop_same_rule,Post_test_Voltage_Drop_non_normative,-0.2622520150599134,0.042945124587426456
Prediction_Voltage_Drop_same_rule,New_comparative_trial,0.19397240564362597,0.13753267908650654
Prediction_Voltage_Drop_same_rule,Prediction_Current_Fill_up_gaps,0.12485087134215855,0.34187206815572957
Prediction_Voltage_Drop_same_rule,Prediction_Voltage_Drop_Fill_up_gaps,-0.1717215256525326,0.18954109101603242
Prediction_Voltage_Drop_same_rule,Confidence_Current_falsify_prediction,0.10272330991532644,0.4347892557476979
Prediction_Voltage_Drop_same_rule,Confidence_Voltage_Drop_falsify_prediction,-0.1860717857096406,0.15460529159077047
Prediction_Voltage_Drop_same_rule,Identify_problem_goal_stated,0.10105308240519502,0.44233424749485917
Prediction_Voltage_Drop_same_rule,Rule_Current_Simultaneous_scanning,0.377034567772619,0.0029829007176656094
Prediction_Voltage_Drop_same_rule,Rule_Voltage_Drop_Simultaneous_scanning,0.6049442802299403,3.064091006977263e-07
Prediction_Voltage_Drop_same_rule,Rule_Current_Successive_scanning,0.3521342806499461,0.0057939323642550375
Prediction_Voltage_Drop_same_rule,Rule_Voltage_Drop_Successive_scanning,0.3729933416796889,0.003333987259132889
Prediction_Voltage_Drop_same_rule,Rule_Current_Focus_gambling,-0.0846414739030318,0.5202282511498354
Prediction_Voltage_Drop_same_rule,Rule_Voltage_Drop_Focus_gambling,-0.36141337707269744,0.004551229021599229
Prediction_Voltage_Drop_same_rule,Rule_Current_Conservative_Focusing,-0.014230994832113117,0.9140596494059912
Prediction_Voltage_Drop_same_rule,Rule_Voltage_Drop_Conservative_Focusing,-0.02797462202320103,0.8319715520817192
Prediction_Voltage_Drop_same_rule,Post_test_Current_partial,-0.003345748025591029,0.979759089243647
Prediction_Voltage_Drop_same_rule,Post_test_Voltage_Drop_partial,0.3058475161758096,0.017477601431362552
Prediction_Voltage_Drop_same_rule,Post_test_Current_1_Valid_link,0.11189848809280412,0.39465462400408213
Prediction_Voltage_Drop_same_rule,Post_test_Voltage_Drop_1_Valid_link,0.010514671631275195,0.9364478953353695
Prediction_Voltage_Drop_same_rule,Post_test_Current_2_Valid_links,0.12123275352726623,0.3561530272459452
Prediction_Voltage_Drop_same_rule,Post_test_Voltage_Drop_2_Valid_links,-0.09105972745135883,0.4889702525268165
Confidence_Current_verify_prediction,No_action,-0.2870307502113943,0.026176884286379258
Confidence_Current_verify_prediction,No_new_comparative_trial,-0.2988874497797616,0.020353160703862724
Confidence_Current_verify_prediction,Prediction_Current_same_rule,0.7757558209669039,3.3650300640222415e-13
Confidence_Current_verify_prediction,Prediction_Voltage_Drop_same_rule,0.6889702953213309,1.1608173731553913e-09
Confidence_Current_verify_prediction,Confidence_Current_verify_prediction,1.0,0.0
Confidence_Current_verify_prediction,Confidence_Voltage_Drop_verify_prediction,0.7108977883468348,1.9665750270460934e-10
Confidence_Current_verify_prediction,Rule_Current_Confirming_Redundancy,0.30247734966574863,0.018823456531129833
Confidence_Current_verify_prediction,Rule_Voltage_Drop_Confirming_Redundancy,0.10446644259337773,0.42699268708985283
Confidence_Current_verify_prediction,Post_test_Current_non_normative,-0.15964592233400896,0.22306010016323197
Confidence_Current_verify_prediction,Post_test_Voltage_Drop_non_normative,-0.41286490897886774,0.0010441974133088834
Confidence_Current_verify_prediction,New_comparative_trial,0.2988874497797616,0.020353160703862724
Confidence_Current_verify_prediction,Prediction_Current_Fill_up_gaps,0.03438707177279523,0.7942197089778886
Confidence_Current_verify_prediction,Prediction_Voltage_Drop_Fill_up_gaps,0.2970764108929049,0.021164121313617435
Confidence_Current_verify_prediction,Confidence_Current_falsify_prediction,-0.14060642894177858,0.2839195147319312
Confidence_Current_verify_prediction,Confidence_Voltage_Drop_falsify_prediction,0.19118410988089857,0.1433883279731307
Confidence_Current_verify_prediction,Identify_problem_goal_stated,0.23417477494012887,0.07172115709916249
Confidence_Current_verify_prediction,Rule_Current_Simultaneous_scanning,0.6203151594418908,1.2487984375129462e-07
Confidence_Current_verify_prediction,Rule_Voltage_Drop_Simultaneous_scanning,0.41862092727124894,0.000872487109112259
Confidence_Current_verify_prediction,Rule_Current_Successive_scanning,0.24317239326814008,0.06118010036588525
Confidence_Current_verify_prediction,Rule_Voltage_Drop_Successive_scanning,0.4739671217502479,0.0001305930431245452
Confidence_Current_verify_prediction,Rule_Current_Focus_gambling,0.006912185518913237,0.9581973374527358
Confidence_Current_verify_prediction,Rule_Voltage_Drop_Focus_gambling,-0.1293203981012652,0.324730879280562
Confidence_Current_verify_prediction,Rule_Current_Conservative_Focusing,-0.0021438334875944634,0.9870295628615511
Confidence_Current_verify_prediction,Rule_Voltage_Drop_Conservative_Focusing,0.3030004933501335,0.01860892888330283
Confidence_Current_verify_prediction,Post_test_Current_partial,-0.14098571152862166,0.2826095346177594
Confidence_Current_verify_prediction,Post_test_Voltage_Drop_partial,0.16300660811312404,0.2133429381984258
Confidence_Current_verify_prediction,Post_test_Current_1_Valid_link,0.2626004275701157,0.042659235461376815
Confidence_Current_verify_prediction,Post_test_Voltage_Drop_1_Valid_link,-0.08243262236469151,0.5312129619370156
Confidence_Current_verify_prediction,Post_test_Current_2_Valid_links,0.11130118422760997,0.3971989708499416
Confidence_Current_verify_prediction,Post_test_Voltage_Drop_2_Valid_links,0.28555498027356846,0.026991377012863346
Confidence_Voltage_Drop_verify_prediction,No_action,-0.35913433938508016,0.0048323860630188065
Confidence_Voltage_Drop_verify_prediction,No_new_comparative_trial,-0.34068290215015556,0.0077309332504203535
Confidence_Voltage_Drop_verify_prediction,Prediction_Current_same_rule,0.6220073544058077,1.1279488893089316e-07
Confidence_Voltage_Drop_verify_prediction,Prediction_Voltage_Drop_same_rule,0.8189492348180286,1.296038154414854e-15
Confidence_Voltage_Drop_verify_prediction,Confidence_Current_verify_prediction,0.7108977883468348,1.9665750270460934e-10
Confidence_Voltage_Drop_verify_prediction,Confidence_Voltage_Drop_verify_prediction,1.0,0.0
Confidence_Voltage_Drop_verify_prediction,Rule_Current_Confirming_Redundancy,0.23450755459394243,0.07130704919147829
Confidence_Voltage_Drop_verify_prediction,Rule_Voltage_Drop_Confirming_Redundancy,0.12808815015759858,0.32940135633756085
Confidence_Voltage_Drop_verify_prediction,Post_test_Current_non_normative,-0.30180278765120944,0.01910318287986591
Confidence_Voltage_Drop_verify_prediction,Post_test_Voltage_Drop_non_normative,-0.4045708613629754,0.0013452874613531461
Confidence_Voltage_Drop_verify_prediction,New_comparative_trial,0.34068290215015556,0.0077309332504203535
Confidence_Voltage_Drop_verify_prediction,Prediction_Current_Fill_up_gaps,0.21887883028941255,0.09291758887357053
Confidence_Voltage_Drop_verify_prediction,Prediction_Voltage_Drop_Fill_up_gaps,0.13878244071731918,0.2902751205831718
Confidence_Voltage_Drop_verify_prediction,Confidence_Current_falsify_prediction,0.19271054759928904,0.1401600384800577
Confidence_Voltage_Drop_verify_prediction,Confidence_Voltage_Drop_falsify_prediction,-0.13422775947673954,0.3065498345439465
Confidence_Voltage_Drop_verify_prediction,Identify_problem_goal_stated,0.2733669793176722,0.034567818457647885
Confidence_Voltage_Drop_verify_prediction,Rule_Current_Simultaneous_scanning,0.473064151335609,0.00013506191186631768
Confidence_Voltage_Drop_verify_prediction,Rule_Voltage_Drop_Simultaneous_scanning,0.5343023576640573,1.0975504809822413e-05
Confidence_Voltage_Drop_verify_prediction,Rule_Current_Successive_scanning,0.4149371270443387,0.0009791559518279975
Confidence_Voltage_Drop_verify_prediction,Rule_Voltage_Drop_Successive_scanning,0.5065921843308802,3.627401988728946e-05
Confidence_Voltage_Drop_verify_prediction,Rule_Current_Focus_gambling,0.04123411074788404,0.7544233010690355
Confidence_Voltage_Drop_verify_prediction,Rule_Voltage_Drop_Focus_gambling,-0.16216685213760212,0.21574266189814564
Confidence_Voltage_Drop_verify_prediction,Rule_Current_Conservative_Focusing,0.1150559150983803,0.3813651696531043
Confidence_Voltage_Drop_verify_prediction,Rule_Voltage_Drop_Conservative_Focusing,0.12910900885810112,0.3255290911825871
Confidence_Voltage_Drop_verify_prediction,Post_test_Current_partial,-0.06737008208172031,0.6090356116979669
Confidence_Voltage_Drop_verify_prediction,Post_test_Voltage_Drop_partial,0.24257804639377287,0.061835464691535266
Confidence_Voltage_Drop_verify_prediction,Post_test_Current_1_Valid_link,0.21805077051590413,0.09419158462973806
Confidence_Voltage_Drop_verify_prediction,Post_test_Voltage_Drop_1_Valid_link,0.0,1.0
Confidence_Voltage_Drop_verify_prediction,Post_test_Current_2_Valid_links,0.22380628608404382,0.08561291148843198
Confidence_Voltage_Drop_verify_prediction,Post_test_Voltage_Drop_2_Valid_links,0.13012513084774063,0.32170354822128383
Rule_Current_Confirming_Redundancy,No_action,0.4165983134137846,0.0009296785529906693
Rule_Current_Confirming_Redundancy,No_new_comparative_trial,0.4432403328382942,0.0003900035669837505
Rule_Current_Confirming_Redundancy,Prediction_Current_same_rule,0.4203196014151591,0.0008269305234800906
Rule_Current_Confirming_Redundancy,Prediction_Voltage_Drop_same_rule,0.42140873467914286,0.0007988630909674139
Rule_Current_Confirming_Redundancy,Confidence_Current_verify_prediction,0.30247734966574863,0.018823456531129833
Rule_Current_Confirming_Redundancy,Confidence_Voltage_Drop_verify_prediction,0.23450755459394243,0.07130704919147829
Rule_Current_Confirming_Redundancy,Rule_Current_Confirming_Redundancy,1.0,0.0
Rule_Current_Confirming_Redundancy,Rule_Voltage_Drop_Confirming_Redundancy,0.7455936980584387,8.258556572306308e-12
Rule_Current_Confirming_Redundancy,Post_test_Current_non_normative,0.4660711842640523,0.00017471697741769032
Rule_Current_Confirming_Redundancy,Post_test_Voltage_Drop_non_normative,0.3200434136774462,0.012672466101741423
Rule_Current_Confirming_Redundancy,New_comparative_trial,-0.4432403328382942,0.0003900035669837505
Rule_Current_Confirming_Redundancy,Prediction_Current_Fill_up_gaps,-0.3764393017021703,0.0030324597227238395
Rule_Current_Confirming_Redundancy,Prediction_Voltage_Drop_Fill_up_gaps,-0.42523234972522467,0.0007070102403600136
Rule_Current_Confirming_Redundancy,Confidence_Current_falsify_prediction,-0.3411117738238919,0.007649299174429571
Rule_Current_Confirming_Redundancy,Confidence_Voltage_Drop_falsify_prediction,-0.403028128196525,0.0014092062070279073
Rule_Current_Confirming_Redundancy,Identify_problem_goal_stated,-0.3625402972240526,0.0044176129803683
Rule_Current_Confirming_Redundancy,Rule_Current_Simultaneous_scanning,-0.18401187994833332,0.15930386004699243
Rule_Current_Confirming_Redundancy,Rule_Voltage_Drop_Simultaneous_scanning,-0.12014891442912651,0.36050127746806127
Rule_Current_Confirming_Redundancy,Rule_Current_Successive_scanning,-0.2930122881328383,0.02308422778479433
Rule_Current_Confirming_Redundancy,Rule_Voltage_Drop_Successive_scanning,-0.19976540993894912,0.12594350809933877
Rule_Current_Confirming_Redundancy,Rule_Current_Focus_gambling,-0.07437136867416722,0.5722487229208597
Rule_Current_Confirming_Redundancy,Rule_Voltage_Drop_Focus_gambling,-0.39572195154625406,0.0017504912019792149
Rule_Current_Confirming_Redundancy,Rule_Current_Conservative_Focusing,-0.30648072094126017,0.017234126332324344
Rule_Current_Confirming_Redundancy,Rule_Voltage_Drop_Conservative_Focusing,-0.28613573965694045,0.02666834321482031
Rule_Current_Confirming_Redundancy,Post_test_Current_partial,-0.30550722154084964,0.017609657821587063
Rule_Current_Confirming_Redundancy,Post_test_Voltage_Drop_partial,0.10205905815616695,0.43778120522970454
Rule_Current_Confirming_Redundancy,Post_test_Current_1_Valid_link,0.21460180474270535,0.09964517318820465
Rule_Current_Confirming_Redundancy,Post_test_Voltage_Drop_1_Valid_link,-0.09420011621598133,0.4740432897986363
Rule_Current_Confirming_Redundancy,Post_test_Current_2_Valid_links,-0.35485609980208677,0.005401742477747096
Rule_Current_Confirming_Redundancy,Post_test_Voltage_Drop_2_Valid_links,-0.37024630209743775,0.003593100394894767
Rule_Voltage_Drop_Confirming_Redundancy,No_action,0.2558050549889753,0.048526033405075684
Rule_Voltage_Drop_Confirming_Redundancy,No_new_comparative_trial,0.5340780806992305,1.1086941215183504e-05
Rule_Voltage_Drop_Confirming_Redundancy,Prediction_Current_same_rule,0.24719428409123903,0.0568911692772104
Rule_Voltage_Drop_Confirming_Redundancy,Prediction_Voltage_Drop_same_rule,0.21888690480993206,0.09290523262188799
Rule_Voltage_Drop_Confirming_Redundancy,Confidence_Current_verify_prediction,0.10446644259337773,0.42699268708985283
Rule_Voltage_Drop_Confirming_Redundancy,Confidence_Voltage_Drop_verify_prediction,0.12808815015759858,0.32940135633756085
Rule_Voltage_Drop_Confirming_Redundancy,Rule_Current_Confirming_Redundancy,0.7455936980584387,8.258556572306308e-12
Rule_Voltage_Drop_Confirming_Redundancy,Rule_Voltage_Drop_Confirming_Redundancy,1.0,0.0
Rule_Voltage_Drop_Confirming_Redundancy,Post_test_Current_non_normative,0.5443326969847319,6.9337557930424165e-06
Rule_Voltage_Drop_Confirming_Redundancy,Post_test_Voltage_Drop_non_normative,0.46000482327112585,0.00021746722522035682
Rule_Voltage_Drop_Confirming_Redundancy,New_comparative_trial,-0.5340780806992305,1.1086941215183504e-05
Rule_Voltage_Drop_Confirming_Redundancy,Prediction_Current_Fill_up_gaps,-0.3355726618135398,0.008763719856647227
Rule_Voltage_Drop_Confirming_Redundancy,Prediction_Voltage_Drop_Fill_up_gaps,-0.5219384469586833,1.8953307498634414e-05
Rule_Voltage_Drop_Confirming_Redundancy,Confidence_Current_falsify_prediction,-0.3472750636390277,0.006556553937935927
Rule_Voltage_Drop_Confirming_Redundancy,Confidence_Voltage_Drop_falsify_prediction,-0.5164663618125894,2.397561035392778e-05
Rule_Voltage_Drop_Confirming_Redundancy,Identify_problem_goal_stated,-0.27303027557158505,0.03479996583013027
Rule_Voltage_Drop_Confirming_Redundancy,Rule_Current_Simultaneous_scanning,-0.3317199538846505,0.009619809304695207
Rule_Voltage_Drop_Confirming_Redundancy,Rule_Voltage_Drop_Simultaneous_scanning,-0.2530837580490801,0.0510533564376492
Rule_Voltage_Drop_Confirming_Redundancy,Rule_Current_Successive_scanning,-0.4282148824013396,0.0006421172020400336
Rule_Voltage_Drop_Confirming_Redundancy,Rule_Voltage_Drop_Successive_scanning,-0.36406070711010424,0.00424283239340115
Rule_Voltage_Drop_Confirming_Redundancy,Rule_Current_Focus_gambling,-0.06084818559604965,0.6441949823718577
Rule_Voltage_Drop_Confirming_Redundancy,Rule_Voltage_Drop_Focus_gambling,-0.3769758119567063,0.0029877602362837225
Rule_Voltage_Drop_Confirming_Redundancy,Rule_Current_Conservative_Focusing,-0.1825963506323207,0.1625930706606399
Rule_Voltage_Drop_Confirming_Redundancy,Rule_Voltage_Drop_Conservative_Focusing,-0.26261286571944514,0.04264905840743451
Rule_Voltage_Drop_Confirming_Redundancy,Post_test_Current_partial,-0.2912285417957125,0.023972356769004877
Rule_Voltage_Drop_Confirming_Redundancy,Post_test_Voltage_Drop_partial,-0.03252725299135325,0.8051248162949536
Rule_Voltage_Drop_Confirming_Redundancy,Post_test_Current_1_Valid_link,-0.063507686481173,0.6297581186095049
Rule_Voltage_Drop_Confirming_Redundancy,Post_test_Voltage_Drop_1_Valid_link,-0.2083812205499946,0.11009779038709755
Rule_Voltage_Drop_Confirming_Redundancy,Post_test_Current_2_Valid_links,-0.217201670702194,0.09551207133675409
Rule_Voltage_Drop_Confirming_Redundancy,Post_test_Voltage_Drop_2_Valid_links,-0.2788336928751132,0.030975363411186875
Post_test_Current_non_normative,No_action,0.3626721983933163,0.0044022023654127765
Post_test_Current_non_normative,No_new_comparative_trial,0.8033617310539417,1.128043658749697e-14
Post_test_Current_non_normative,Prediction_Current_same_rule,0.05118649066034303,0.6977177562932292
Post_test_Current_non_normative,Prediction_Voltage_Drop_same_rule,-0.19273711463169355,0.14010433760139498
Post_test_Current_non_normative,Confidence_Current_verify_prediction,-0.15964592233400896,0.22306010016323186
Post_test_Current_non_normative,Confidence_Voltage_Drop_verify_prediction,-0.30180278765120944,0.01910318287986591
Post_test_Current_non_normative,Rule_Current_Confirming_Redundancy,0.4660711842640523,0.00017471697741769127
Post_test_Current_non_normative,Rule_Voltage_Drop_Confirming_Redundancy,0.5443326969847319,6.9337557930424165e-06
Post_test_Current_non_normative,Post_test_Current_non_normative,1.0,0.0
Post_test_Current_non_normative,Post_test_Voltage_Drop_non_normative,0.629940788348712,6.942297857895242e-08
Post_test_Current_non_normative,New_comparative_trial,-0.8033617310539417,1.128043658749697e-14
Post_test_Current_non_normative,Prediction_Current_Fill_up_gaps,-0.6964628251511692,6.441778862793257e-10
Post_test_Current_non_normative,Prediction_Voltage_Drop_Fill_up_gaps,-0.5120473665531649,2.890252724207183e-05
Post_test_Current_non_normative,Confidence_Current_falsify_prediction,-0.6900655593423541,1.0662386512838234e-09
Post_test_Current_non_normative,Confidence_Voltage_Drop_falsify_prediction,-0.41830691987662577,0.0008811523795452238
Post_test_Current_non_normative,Identify_problem_goal_stated,-0.31252705510589024,0.015051534412543786
Post_test_Current_non_normative,Rule_Current_Simultaneous_scanning,-0.27977001095413445,0.030392523597668277
Post_test_Current_non_normative,Rule_Voltage_Drop_Simultaneous_scanning,-0.6862254318147815,1.434037322905183e-09
Post_test_Current_non_normative,Rule_Current_Successive_scanning,-0.7408304133687238,1.3144505596208877e-11
Post_test_Current_non_normative,Rule_Voltage_Drop_Successive_scanning,-0.2922251780877718,0.02347263960209981
Post_test_Current_non_normative,Rule_Current_Focus_gambling,-0.2927700218845599,0.023203194624388253
Post_test_Current_non_normative,Rule_Voltage_Drop_Focus_gambling,-0.31252705510589024,0.015051534412543786
Post_test_Current_non_normative,Rule_Current_Conservative_Focusing,-0.30891889696904123,0.01632348260435786
Post_test_Current_non_normative,Rule_Voltage_Drop_Conservative_Focusing,-0.17315416054977323,0.18581844500436562
Post_test_Current_non_normative,Post_test_Current_partial,-0.4629100498862757,0.00019592533423745532
Post_test_Current_non_normative,Post_test_Voltage_Drop_partial,-0.23756554836659946,0.06759041548630497
Post_test_Current_non_normative,Post_test_Current_1_Valid_link,-0.27500954910846337,0.033453707422532036
Post_test_Current_non_normative,Post_test_Voltage_Drop_1_Valid_link,-0.09698572899377439,0.4610095897028681
Post_test_Current_non_normative,Post_test_Current_2_Valid_links,-0.3442978847374036,0.0070660381350014165
Post_test_Current_non_normative,Post_test_Voltage_Drop_2_Valid_links,-0.2939723678960656,0.022617832242572987
Post_test_Voltage_Drop_non_normative,No_action,0.35348019119641616,0.005596980378638925
Post_test_Voltage_Drop_non_normative,No_new_comparative_trial,0.8174982127673406,1.5989541534102896e-15
Post_test_Voltage_Drop_non_normative,Prediction_Current_same_rule,-0.22751689761930863,0.08041661207740444
Post_test_Voltage_Drop_non_normative,Prediction_Voltage_Drop_same_rule,-0.2622520150599134,0.04294512458742641
Post_test_Voltage_Drop_non_normative,Confidence_Current_verify_prediction,-0.41286490897886774,0.0010441974133088836
Post_test_Voltage_Drop_non_normative,Confidence_Voltage_Drop_verify_prediction,-0.4045708613629754,0.0013452874613531461
Post_test_Voltage_Drop_non_normative,Rule_Current_Confirming_Redundancy,0.3200434136774462,0.012672466101741423
Post_test_Voltage_Drop_non_normative,Rule_Voltage_Drop_Confirming_Redundancy,0.46000482327112585,0.00021746722522035682
Post_test_Voltage_Drop_non_normative,Post_test_Current_non_normative,0.629940788348712,6.942297857895242e-08
Post_test_Voltage_Drop_non_normative,Post_test_Voltage_Drop_non_normative,1.0,0.0
Post_test_Voltage_Drop_non_normative,New_comparative_trial,-0.8174982127673406,1.5989541534102896e-15
Post_test_Voltage_Drop_non_normative,Prediction_Current_Fill_up_gaps,-0.5474332373028593,5.997990314888048e-06
Post_test_Voltage_Drop_non_normative,Prediction_Voltage_Drop_Fill_up_gaps,-0.5133162604721091,2.739961491192892e-05
Post_test_Voltage_Drop_non_normative,Confidence_Current_falsify_prediction,-0.4757993933883261,0.00012193908021939649
Post_test_Voltage_Drop_non_normative,Confidence_Voltage_Drop_falsify_prediction,-0.4574509137656023,0.0002381695116163799
Post_test_Voltage_Drop_non_normative,Identify_problem_goal_stated,-0.34815531191139565,0.0064122148325808734
Post_test_Voltage_Drop_non_normative,Rule_Current_Simultaneous_scanning,-0.5278488768461121,1.4636070367573857e-05
Post_test_Voltage_Drop_non_normative,Rule_Voltage_Drop_Simultaneous_scanning,-0.4755968580262095,0.00012286910399997763
Post_test_Voltage_Drop_non_normative,Rule_Current_Successive_scanning,-0.5021835233197091,4.346185881998319e-05
Post_test_Voltage_Drop_non_normative,Rule_Voltage_Drop_Successive_scanning,-0.52111874545854,1.9637639460098143e-05
Post_test_Voltage_Drop_non_normative,Rule_Current_Focus_gambling,-0.15491933384829668,0.23724209175548083
Post_test_Voltage_Drop_non_normative,Rule_Voltage_Drop_Focus_gambling,-0.26111648393354675,0.04388784783255567
Post_test_Voltage_Drop_non_normative,Rule_Current_Conservative_Focusing,-0.2724408588894894,0.03520947224865941
Post_test_Voltage_Drop_non_normative,Rule_Voltage_Drop_Conservative_Focusing,-0.24253562503633294,0.06188245664884701
Post_test_Voltage_Drop_non_normative,Post_test_Current_partial,-0.16329931618554522,0.2125109090657592
Post_test_Voltage_Drop_non_normative,Post_test_Voltage_Drop_partial,-0.4714045207910317,0.00014364318587434637
Post_test_Voltage_Drop_non_normative,Post_test_Current_1_Valid_link,-0.24253562503633294,0.06188245664884701
Post_test_Voltage_Drop_non_normative,Post_test_Voltage_Drop_1_Valid_link,-0.19245008972987526,0.1407069976290634
Post_test_Voltage_Drop_non_normative,Post_test_Current_2_Valid_links,-0.30364219331358366,0.01834863220303801
Post_test_Voltage_Drop_non_normative,Post_test_Voltage_Drop_2_Valid_links,-0.3333333333333333,0.009252855779076984
New_comparative_trial,No_action,-0.3465784676126803,0.006672787370282022
New_comparative_trial,No_new_comparative_trial,-1.0,0.0
New_comparative_trial,Prediction_Current_same_rule,0.11767008923515915,0.37056735103395233
New_comparative_trial,Prediction_Voltage_Drop_same_rule,0.19397240564362597,0.13753267908650654
New_comparative_trial,Confidence_Current_verify_prediction,0.2988874497797616,0.020353160703862724
New_comparative_trial,Confidence_Voltage_Drop_verify_prediction,0.34068290215015556,0.0077309332504203535
New_comparative_trial,Rule_Current_Confirming_Redundancy,-0.4432403328382942,0.00039000356698374797
New_comparative_trial,Rule_Voltage_Drop_Confirming_Redundancy,-0.5340780806992305,1.1086941215183504e-05
New_comparative_trial,Post_test_Current_non_normative,-0.8033617310539417,1.128043658749697e-14
New_comparative_trial,Post_test_Voltage_Drop_non_normative,-0.8174982127673406,1.5989541534102896e-15
New_comparative_trial,New_comparative_trial,1.0,0.0
New_comparative_trial,Prediction_Current_Fill_up_gaps,0.6029687909895726,3.427032105090528e-07
New_comparative_trial,Prediction_Voltage_Drop_Fill_up_gaps,0.5107392048096706,3.053152291699754e-05
New_comparative_trial,Confidence_Current_falsify_prediction,0.5543722622939803,4.31315989299565e-06
New_comparative_trial,Confidence_Voltage_Drop_falsify_prediction,0.46788746614439286,0.00016350374326554637
New_comparative_trial,Identify_problem_goal_stated,0.31714392756765303,0.013548723670900441
New_comparative_trial,Rule_Current_Simultaneous_scanning,0.4808315721109956,0.00010080711623116366
New_comparative_trial,Rule_Voltage_Drop_Simultaneous_scanning,0.5512872507959615,4.9987489474100045e-06
New_comparative_trial,Rule_Current_Successive_scanning,0.5951548033013052,5.297135581843037e-07
New_comparative_trial,Rule_Voltage_Drop_Successive_scanning,0.46582800221564546,0.00017627061895661192
New_comparative_trial,Rule_Current_Focus_gambling,0.2352002315818805,0.07045120913815434
New_comparative_trial,Rule_Voltage_Drop_Focus_gambling,0.31714392756765303,0.013548723670900441
New_comparative_trial,Rule_Current_Conservative_Focusing,0.24817361982432326,0.05588457597331227
New_comparative_trial,Rule_Voltage_Drop_Conservative_Focusing,0.22093214742813916,0.08981659102490623
New_comparative_trial,Post_test_Current_partial,0.371884218998905,0.003436539970377946
New_comparative_trial,Post_test_Voltage_Drop_partial,0.3468351179134017,0.00662975474279625
New_comparative_trial,Post_test_Current_1_Valid_link,0.22093214742813916,0.08981659102490623
New_comparative_trial,Post_test_Voltage_Drop_1_Valid_link,0.17530790204692587,0.1803215397880013
New_comparative_trial,Post_test_Current_2_Valid_links,0.2765957446808511,0.032406384690071684
New_comparative_trial,Post_test_Voltage_Drop_2_Valid_links,0.30364219331358366,0.01834863220303801
Prediction_Current_Fill_up_gaps,No_action,-0.5040832459671108,4.0216949409899354e-05
Prediction_Current_Fill_up_gaps,No_new_comparative_trial,-0.6029687909895726,3.427032105090528e-07
Prediction_Current_Fill_up_gaps,Prediction_Current_same_rule,-0.356213374901957,0.005215040358194835
Prediction_Current_Fill_up_gaps,Prediction_Voltage_Drop_same_rule,0.12485087134215855,0.34187206815572957
Prediction_Current_Fill_up_gaps,Confidence_Current_verify_prediction,0.03438707177279523,0.7942197089778886
Prediction_Current_Fill_up_gaps,Confidence_Voltage_Drop_verify_prediction,0.21887883028941255,0.09291758887357053
Prediction_Current_Fill_up_gaps,Rule_Current_Confirming_Redundancy,-0.3764393017021703,0.0030324597227238395
Prediction_Current_Fill_up_gaps,Rule_Voltage_Drop_Confirming_Redundancy,-0.3355726618135398,0.008763719856647242
Prediction_Current_Fill_up_gaps,Post_test_Current_non_normative,-0.6964628251511692,6.441778862793257e-10
Prediction_Current_Fill_up_gaps,Post_test_Voltage_Drop_non_normative,-0.5474332373028593,5.997990314888048e-06
Prediction_Current_Fill_up_gaps,New_comparative_trial,0.6029687909895726,3.427032105090528e-07
Prediction_Current_Fill_up_gaps,Prediction_Current_Fill_up_gaps,1.0,0.0
Prediction_Current_Fill_up_gaps,Prediction_Voltage_Drop_Fill_up_gaps,0.3991822157838873,0.0015805802332028796
Prediction_Current_Fill_up_gaps,Confidence_Current_falsify_prediction,0.7636585945433295,1.2855756360833789e-12
Prediction_Current_Fill_up_gaps,Confidence_Voltage_Drop_falsify_prediction,0.3567371474101366,0.005144524536940239
Prediction_Current_Fill_up_gaps,Identify_problem_goal_stated,0.5722425051904572,1.7814355169566122e-06
Prediction_Current_Fill_up_gaps,Rule_Current_Simultaneous_scanning,0.08845676423925386,0.5015270826496934
Prediction_Current_Fill_up_gaps,Rule_Voltage_Drop_Simultaneous_scanning,0.5984653538091307,4.410913718910817e-07
Prediction_Current_Fill_up_gaps,Rule_Current_Successive_scanning,0.49220336524613756,6.484971130291704e-05
Prediction_Current_Fill_up_gaps,Rule_Voltage_Drop_Successive_scanning,0.1316410048235998,0.3160498750112477
Prediction_Current_Fill_up_gaps,Rule_Current_Focus_gambling,0.35198088369512043,0.005816761207941224
Prediction_Current_Fill_up_gaps,Rule_Voltage_Drop_Focus_gambling,0.24524678793876734,0.05893651489304831
Prediction_Current_Fill_up_gaps,Rule_Current_Conservative_Focusing,0.5980792222031466,4.506597006982896e-07
Prediction_Current_Fill_up_gaps,Rule_Voltage_Drop_Conservative_Focusing,0.35145545922770866,0.0058955554741034494
Prediction_Current_Fill_up_gaps,Post_test_Current_partial,0.15775671760375803,0.22865600784178955
Prediction_Current_Fill_up_gaps,Post_test_Voltage_Drop_partial,0.13282628825521048,0.31167372169650204
Prediction_Current_Fill_up_gaps,Post_test_Current_1_Valid_link,0.004338956286761835,0.97375230565994
Prediction_Current_Fill_up_gaps,Post_test_Voltage_Drop_1_Valid_link,0.14804587426543164,0.2589530205450071
Prediction_Current_Fill_up_gaps,Post_test_Current_2_Valid_links,0.5904330572891657,6.853587946118287e-07
Prediction_Current_Fill_up_gaps,Post_test_Voltage_Drop_2_Valid_links,0.2945882562392293,0.022322859351878197
Prediction_Voltage_Drop_Fill_up_gaps,No_action,-0.5144553470928276,2.611239854213377e-05
Prediction_Voltage_Drop_Fill_up_gaps,No_new_comparative_trial,-0.5107392048096706,3.053152291699754e-05
Prediction_Voltage_Drop_Fill_up_gaps,Prediction_Current_same_rule,0.05864567665443858,0.6562511659955657
Prediction_Voltage_Drop_Fill_up_gaps,Prediction_Voltage_Drop_same_rule,-0.1717215256525326,0.1895410910160324
Prediction_Voltage_Drop_Fill_up_gaps,Confidence_Current_verify_prediction,0.2970764108929049,0.021164121313617456
Prediction_Voltage_Drop_Fill_up_gaps,Confidence_Voltage_Drop_verify_prediction,0.13878244071731918,0.2902751205831718
Prediction_Voltage_Drop_Fill_up_gaps,Rule_Current_Confirming_Redundancy,-0.42523234972522467,0.0007070102403600136
Prediction_Voltage_Drop_Fill_up_gaps,Rule_Voltage_Drop_Confirming_Redundancy,-0.5219384469586833,1.8953307498634414e-05
Prediction_Voltage_Drop_Fill_up_gaps,Post_test_Current_non_normative,-0.5120473665531649,2.8902527242071988e-05
Prediction_Voltage_Drop_Fill_up_gaps,Post_test_Voltage_Drop_non_normative,-0.5133162604721091,2.739961491192892e-05
Prediction_Voltage_Drop_Fill_up_gaps,New_comparative_trial,0.5107392048096706,3.053152291699754e-05
Prediction_Voltage_Drop_Fill_up_gaps,Prediction_Current_Fill_up_gaps,0.3991822157838873,0.0015805802332028796
Prediction_Voltage_Drop_Fill_up_gaps,Prediction_Voltage_Drop_Fill_up_gaps,1.0,0.0
Prediction_Voltage_Drop_Fill_up_gaps,Confidence_Current_falsify_prediction,0.43572781923098175,0.0005018616182447132
Prediction_Voltage_Drop_Fill_up_gaps,Confidence_Voltage_Drop_falsify_prediction,0.797638094495354,2.3801276991709808e-14
Prediction_Voltage_Drop_Fill_up_gaps,Identify_problem_goal_stated,0.43149426960335585,0.0005770300193672282
Prediction_Voltage_Drop_Fill_up_gaps,Rule_Current_Simultaneous_scanning,0.49338060407493883,6.189939682364438e-05
Prediction_Voltage_Drop_Fill_up_gaps,Rule_Voltage_Drop_Simultaneous_scanning,0.2593986534218812,0.04534628436077689
Prediction_Voltage_Drop_Fill_up_gaps,Rule_Current_Successive_scanning,0.3280349208795614,0.010505646633257837
Prediction_Voltage_Drop_Fill_up_gaps,Rule_Voltage_Drop_Successive_scanning,0.406260753156625,0.0012782706419986242
Prediction_Voltage_Drop_Fill_up_gaps,Rule_Current_Focus_gambling,0.3362644139717855,0.008617241567652398
Prediction_Voltage_Drop_Fill_up_gaps,Rule_Voltage_Drop_Focus_gambling,0.4863057038502686,8.167875283413371e-05
Prediction_Voltage_Drop_Fill_up_gaps,Rule_Current_Conservative_Focusing,0.2564525035144193,0.0479400537430081
Prediction_Voltage_Drop_Fill_up_gaps,Rule_Voltage_Drop_Conservative_Focusing,0.5184987859268547,2.1981580163822476e-05
Prediction_Voltage_Drop_Fill_up_gaps,Post_test_Current_partial,-0.06016962904495103,0.6478997716677335
Prediction_Voltage_Drop_Fill_up_gaps,Post_test_Voltage_Drop_partial,-0.048423993036440925,0.7133088174568674
Prediction_Voltage_Drop_Fill_up_gaps,Post_test_Current_1_Valid_link,0.35240586007284835,0.005753708217006059
Prediction_Voltage_Drop_Fill_up_gaps,Post_test_Voltage_Drop_1_Valid_link,0.04297611385774133,0.7443944536210401
Prediction_Voltage_Drop_Fill_up_gaps,Post_test_Current_2_Valid_links,0.3329819325474813,0.009331726714593432
Prediction_Voltage_Drop_Fill_up_gaps,Post_test_Voltage_Drop_2_Valid_links,0.538327029543836,9.144496240080524e-06
Confidence_Current_falsify_prediction,No_action,-0.3128305825932368,0.01494852178362302
Confidence_Current_falsify_prediction,No_new_comparative_trial,-0.5543722622939803,4.31315989299565e-06
Confidence_Current_falsify_prediction,Prediction_Current_same_rule,-0.22707429813308685,0.08102299263150727
Confidence_Current_falsify_prediction,Prediction_Voltage_Drop_same_rule,0.10272330991532644,0.4347892557476979
Confidence_Current_falsify_prediction,Confidence_Current_verify_prediction,-0.14060642894177858,0.2839195147319312
Confidence_Current_falsify_prediction,Confidence_Voltage_Drop_verify_prediction,0.19271054759928904,0.14016003848005762
Confidence_Current_falsify_prediction,Rule_Current_Confirming_Redundancy,-0.3411117738238919,0.0076492991744295784
Confidence_Current_falsify_prediction,Rule_Voltage_Drop_Confirming_Redundancy,-0.3472750636390277,0.006556553937935927
Confidence_Current_falsify_prediction,Post_test_Current_non_normative,-0.6900655593423541,1.0662386512838234e-09
Confidence_Current_falsify_prediction,Post_test_Voltage_Drop_non_normative,-0.4757993933883261,0.00012193908021939649
Confidence_Current_falsify_prediction,New_comparative_trial,0.5543722622939803,4.31315989299565e-06
Confidence_Current_falsify_prediction,Prediction_Current_Fill_up_gaps,0.7636585945433295,1.2855756360833789e-12
Confidence_Current_falsify_prediction,Prediction_Voltage_Drop_Fill_up_gaps,0.43572781923098175,0.0005018616182447145
Confidence_Current_falsify_prediction,Confidence_Current_falsify_prediction,1.0,0.0
Confidence_Current_falsify_prediction,Confidence_Voltage_Drop_falsify_prediction,0.3991733933536353,0.0015809939459762615
Confidence_Current_falsify_prediction,Identify_problem_goal_stated,0.38282967598497264,0.0025367505884358083
Confidence_Current_falsify_prediction,Rule_Current_Simultaneous_scanning,0.1365012280514207,0.29835414177886954
Confidence_Current_falsify_prediction,Rule_Voltage_Drop_Simultaneous_scanning,0.5367879845809223,9.80823786595345e-06
Confidence_Current_falsify_prediction,Rule_Current_Successive_scanning,0.4799574547067864,0.00010421748012662424
Confidence_Current_falsify_prediction,Rule_Voltage_Drop_Successive_scanning,0.1734921838039469,0.18494783352895333
Confidence_Current_falsify_prediction,Rule_Current_Focus_gambling,0.3942655992070447,0.0018267641757166255
Confidence_Current_falsify_prediction,Rule_Voltage_Drop_Focus_gambling,0.2636468523292736,0.041810001334075086
Confidence_Current_falsify_prediction,Rule_Current_Conservative_Focusing,0.3990215570684833,0.001588129275989473
Confidence_Current_falsify_prediction,Rule_Voltage_Drop_Conservative_Focusing,0.21916732015891247,0.09247691579900516
Confidence_Current_falsify_prediction,Post_test_Current_partial,0.16939908920452953,0.1956890439683596
Confidence_Current_falsify_prediction,Post_test_Voltage_Drop_partial,0.20864556747245344,0.10963709101446076
Confidence_Current_falsify_prediction,Post_test_Current_1_Valid_link,0.12076566621001299,0.3580229696807966
Confidence_Current_falsify_prediction,Post_test_Voltage_Drop_1_Valid_link,0.09050289599808492,0.4916424894553749
Confidence_Current_falsify_prediction,Post_test_Current_2_Valid_links,0.4690842219410602,0.00015647976905763493
Confidence_Current_falsify_prediction,Post_test_Voltage_Drop_2_Valid_links,0.17704163474914458,0.17598282439815335
Confidence_Voltage_Drop_falsify_prediction,No_action,-0.37442231631143685,0.003205865361795002
Confidence_Voltage_Drop_falsify_prediction,No_new_comparative_trial,-0.46788746614439286,0.00016350374326554637
Confidence_Voltage_Drop_falsify_prediction,Prediction_Current_same_rule,-0.025996138256064182,0.8437003208109499
Confidence_Voltage_Drop_falsify_prediction,Prediction_Voltage_Drop_same_rule,-0.1860717857096406,0.15460529159077047
Confidence_Voltage_Drop_falsify_prediction,Confidence_Current_verify_prediction,0.19118410988089857,0.14338832797313067
Confidence_Voltage_Drop_falsify_prediction,Confidence_Voltage_Drop_verify_prediction,-0.13422775947673954,0.30654983454394646
Confidence_Voltage_Drop_falsify_prediction,Rule_Current_Confirming_Redundancy,-0.403028128196525,0.0014092062070279073
Confidence_Voltage_Drop_falsify_prediction,Rule_Voltage_Drop_Confirming_Redundancy,-0.5164663618125894,2.397561035392778e-05
Confidence_Voltage_Drop_falsify_prediction,Post_test_Current_non_normative,-0.41830691987662577,0.0008811523795452238
Confidence_Voltage_Drop_falsify_prediction,Post_test_Voltage_Drop_non_normative,-0.4574509137656023,0.0002381695116163799
Confidence_Voltage_Drop_falsify_prediction,New_comparative_trial,0.46788746614439286,0.00016350374326554637
Confidence_Voltage_Drop_falsify_prediction,Prediction_Current_Fill_up_gaps,0.3567371474101366,0.005144524536940232
Confidence_Voltage_Drop_falsify_prediction,Prediction_Voltage_Drop_Fill_up_gaps,0.797638094495354,2.3801276991709808e-14
Confidence_Voltage_Drop_falsify_prediction,Confidence_Current_falsify_prediction,0.3991733933536353,0.0015809939459762615
Confidence_Voltage_Drop_falsify_prediction,Confidence_Voltage_Drop_falsify_prediction,1.0,0.0
Confidence_Voltage_Drop_falsify_prediction,Identify_problem_goal_stated,0.28296647107908884,0.02847145631201244
Confidence_Voltage_Drop_falsify_prediction,Rule_Current_Simultaneous_scanning,0.47180008683779073,0.0001415536846499616
Confidence_Voltage_Drop_falsify_prediction,Rule_Voltage_Drop_Simultaneous_scanning,0.26361986265338133,0.04183172860325568
Confidence_Voltage_Drop_falsify_prediction,Rule_Current_Successive_scanning,0.30394471673596535,0.01822699825368133
Confidence_Voltage_Drop_falsify_prediction,Rule_Voltage_Drop_Successive_scanning,0.3267917803370838,0.010820012877579555
Confidence_Voltage_Drop_falsify_prediction,Rule_Current_Focus_gambling,0.10287288991286378,0.43411710121620606
Confidence_Voltage_Drop_falsify_prediction,Rule_Voltage_Drop_Focus_gambling,0.34798855379513477,0.006439343362239771
Confidence_Voltage_Drop_falsify_prediction,Rule_Current_Conservative_Focusing,0.12113342744570657,0.35655016751060986
Confidence_Voltage_Drop_falsify_prediction,Rule_Voltage_Drop_Conservative_Focusing,0.4428978300832508,0.0003945631453197132
Confidence_Voltage_Drop_falsify_prediction,Post_test_Current_partial,0.04405275355113887,0.7382170753106356
Confidence_Voltage_Drop_falsify_prediction,Post_test_Voltage_Drop_partial,0.02934677206303185,0.8238584113949374
Confidence_Voltage_Drop_falsify_prediction,Post_test_Current_1_Valid_link,0.22666824973957617,0.08158247055339878
Confidence_Voltage_Drop_falsify_prediction,Post_test_Voltage_Drop_1_Valid_link,0.04259829164574368,0.7465660886550756
Confidence_Voltage_Drop_falsify_prediction,Post_test_Current_2_Valid_links,0.21843365132155357,0.09360082590745343
Confidence_Voltage_Drop_falsify_prediction,Post_test_Voltage_Drop_2_Valid_links,0.39473586913644715,0.0018018160407035325
Identify_problem_goal_stated,No_action,-0.8084816686639805,5.664168770067284e-15
Identify_problem_goal_stated,No_new_comparative_trial,-0.31714392756765303,0.013548723670900441
Identify_problem_goal_stated,Prediction_Current_same_rule,-0.09783528222958882,0.4570737691469028
Identify_problem_goal_stated,Prediction_Voltage_Drop_same_rule,0.10105308240519502,0.44233424749485917
Identify_problem_goal_stated,Confidence_Current_verify_prediction,0.23417477494012887,0.07172115709916249
Identify_problem_goal_stated,Confidence_Voltage_Drop_verify_prediction,0.2733669793176722,0.034567818457647954
Identify_problem_goal_stated,Rule_Current_Confirming_Redundancy,-0.3625402972240526,0.00441761298036832
Identify_problem_goal_stated,Rule_Voltage_Drop_Confirming_Redundancy,-0.27303027557158505,0.03479996583013027
Identify_problem_goal_stated,Post_test_Current_non_normative,-0.31252705510589024,0.015051534412543786
Identify_problem_goal_stated,Post_test_Voltage_Drop_non_normative,-0.34815531191139565,0.0064122148325808734
Identify_problem_goal_stated,New_comparative_trial,0.31714392756765303,0.013548723670900441
Identify_problem_goal_stated,Prediction_Current_Fill_up_gaps,0.5722425051904572,1.7814355169566122e-06
Identify_problem_goal_stated,Prediction_Voltage_Drop_Fill_up_gaps,0.43149426960335585,0.0005770300193672282
Identify_problem_goal_stated,Confidence_Current_falsify_prediction,0.38282967598497264,0.002536750588435805
Identify_problem_goal_stated,Confidence_Voltage_Drop_falsify_prediction,0.28296647107908884,0.02847145631201244
Identify_problem_goal_stated,Identify_problem_goal_stated,1.0,0.0
Identify_problem_goal_stated,Rule_Current_Simultaneous_scanning,0.14020642281809284,0.2853054013313598
Identify_problem_goal_stated,Rule_Voltage_Drop_Simultaneous_scanning,0.3268267380383422,0.01081106272089275
Identify_problem_goal_stated,Rule_Current_Successive_scanning,0.02634275810463001,0.8416429866981778
Identify_problem_goal_stated,Rule_Voltage_Drop_Successive_scanning,0.08345579979690107,0.5261104501305186
Identify_problem_goal_stated,Rule_Current_Focus_gambling,0.2359699518621347,0.06950982445642867
Identify_problem_goal_stated,Rule_Voltage_Drop_Focus_gambling,0.3181818181818182,0.013229251780007683
Identify_problem_goal_stated,Rule_Current_Conservative_Focusing,0.7825267906836493,1.5317811536857672e-13
Identify_problem_goal_stated,Rule_Voltage_Drop_Conservative_Focusing,0.696630546019236,6.356116969730137e-10
Identify_problem_goal_stated,Post_test_Current_partial,-0.34645116407786697,0.0066942229617276035
Identify_problem_goal_stated,Post_test_Voltage_Drop_partial,-0.26156941833108205,0.0435097997608623
Identify_problem_goal_stated,Post_test_Current_1_Valid_link,-0.14777011582226218,0.25985113361811024
Identify_problem_goal_stated,Post_test_Voltage_Drop_1_Valid_link,0.17588161767036212,0.17887731797315587
Identify_problem_goal_stated,Post_test_Current_2_Valid_links,0.8721458008110459,1.169770453326449e-19
Identify_problem_goal_stated,Post_test_Voltage_Drop_2_Valid_links,0.5222329678670935,1.8712873325166836e-05
Rule_Current_Simultaneous_scanning,No_action,-0.21818962840741946,0.09397700095934186
Rule_Current_Simultaneous_scanning,No_new_comparative_trial,-0.4808315721109956,0.00010080711623116366
Rule_Current_Simultaneous_scanning,Prediction_Current_same_rule,0.5512385347451839,5.010347965004773e-06
Rule_Current_Simultaneous_scanning,Prediction_Voltage_Drop_same_rule,0.377034567772619,0.0029829007176656094
Rule_Current_Simultaneous_scanning,Confidence_Current_verify_prediction,0.6203151594418908,1.2487984375129462e-07
Rule_Current_Simultaneous_scanning,Confidence_Voltage_Drop_verify_prediction,0.473064151335609,0.00013506191186631768
Rule_Current_Simultaneous_scanning,Rule_Current_Confirming_Redundancy,-0.18401187994833332,0.15930386004699243
Rule_Current_Simultaneous_scanning,Rule_Voltage_Drop_Confirming_Redundancy,-0.3317199538846505,0.00961980930469522
Rule_Current_Simultaneous_scanning,Post_test_Current_non_normative,-0.27977001095413445,0.030392523597668277
Rule_Current_Simultaneous_scanning,Post_test_Voltage_Drop_non_normative,-0.5278488768461121,1.4636070367573857e-05
Rule_Current_Simultaneous_scanning,New_comparative_trial,0.4808315721109956,0.00010080711623116366
Rule_Current_Simultaneous_scanning,Prediction_Current_Fill_up_gaps,0.08845676423925386,0.5015270826496934
Rule_Current_Simultaneous_scanning,Prediction_Voltage_Drop_Fill_up_gaps,0.49338060407493883,6.189939682364438e-05
Rule_Current_Simultaneous_scanning,Confidence_Current_falsify_prediction,0.1365012280514207,0.29835414177886954
Rule_Current_Simultaneous_scanning,Confidence_Voltage_Drop_falsify_prediction,0.47180008683779073,0.0001415536846499616
Rule_Current_Simultaneous_scanning,Identify_problem_goal_stated,0.14020642281809284,0.2853054013313598
Rule_Current_Simultaneous_scanning,Rule_Current_Simultaneous_scanning,1.0,0.0
Rule_Current_Simultaneous_scanning,Rule_Voltage_Drop_Simultaneous_scanning,0.3646480789508282,0.004176963394897653
Rule_Current_Simultaneous_scanning,Rule_Current_Successive_scanning,0.42960173645748373,0.000613821184107013
Rule_Current_Simultaneous_scanning,Rule_Voltage_Drop_Successive_scanning,0.7696839671490412,6.661453674517349e-13
Rule_Current_Simultaneous_scanning,Rule_Current_Focus_gambling,-0.1734172681715391,0.18514053198628716
Rule_Current_Simultaneous_scanning,Rule_Voltage_Drop_Focus_gambling,0.0023763800477642856,0.9856227706951193
Rule_Current_Simultaneous_scanning,Rule_Current_Conservative_Focusing,-0.18345612344281156,0.16058935459804552
Rule_Current_Simultaneous_scanning,Rule_Voltage_Drop_Conservative_Focusing,0.2957753288665544,0.0217635067723173
Rule_Current_Simultaneous_scanning,Post_test_Current_partial,0.16162005119677159,0.21731536466116985
Rule_Current_Simultaneous_scanning,Post_test_Voltage_Drop_partial,0.12119753962452162,0.35629379360653546
Rule_Current_Simultaneous_scanning,Post_test_Current_1_Valid_link,0.07651899055254144,0.5611742462880162
Rule_Current_Simultaneous_scanning,Post_test_Voltage_Drop_1_Valid_link,0.07881560977720978,0.5494444008446739
Rule_Current_Simultaneous_scanning,Post_test_Current_2_Valid_links,0.059944519600044543,0.6491307102102912
Rule_Current_Simultaneous_scanning,Post_test_Voltage_Drop_2_Valid_links,0.336124457210053,0.008646704199417902
Rule_Voltage_Drop_Simultaneous_scanning,No_action,-0.31475429447659453,0.014309602792083818
Rule_Voltage_Drop_Simultaneous_scanning,No_new_comparative_trial,-0.5512872507959615,4.998748947409985e-06
Rule_Voltage_Drop_Simultaneous_scanning,Prediction_Current_same_rule,0.20984926561746411,0.10755804500768011
Rule_Voltage_Drop_Simultaneous_scanning,Prediction_Voltage_Drop_same_rule,0.6049442802299403,3.064091006977263e-07
Rule_Voltage_Drop_Simultaneous_scanning,Confidence_Current_verify_prediction,0.41862092727124894,0.0008724871091122606
Rule_Voltage_Drop_Simultaneous_scanning,Confidence_Voltage_Drop_verify_prediction,0.5343023576640573,1.0975504809822456e-05
Rule_Voltage_Drop_Simultaneous_scanning,Rule_Current_Confirming_Redundancy,-0.12014891442912651,0.36050127746806127
Rule_Voltage_Drop_Simultaneous_scanning,Rule_Voltage_Drop_Confirming_Redundancy,-0.2530837580490801,0.0510533564376492
Rule_Voltage_Drop_Simultaneous_scanning,Post_test_Current_non_normative,-0.6862254318147815,1.434037322905183e-09
Rule_Voltage_Drop_Simultaneous_scanning,Post_test_Voltage_Drop_non_normative,-0.4755968580262095,0.00012286910399997763
Rule_Voltage_Drop_Simultaneous_scanning,New_comparative_trial,0.5512872507959615,4.998748947409985e-06
Rule_Voltage_Drop_Simultaneous_scanning,Prediction_Current_Fill_up_gaps,0.5984653538091307,4.410913718910817e-07
Rule_Voltage_Drop_Simultaneous_scanning,Prediction_Voltage_Drop_Fill_up_gaps,0.2593986534218812,0.04534628436077689
Rule_Voltage_Drop_Simultaneous_scanning,Confidence_Current_falsify_prediction,0.5367879845809223,9.808237865953524e-06
Rule_Voltage_Drop_Simultaneous_scanning,Confidence_Voltage_Drop_falsify_prediction,0.26361986265338133,0.04183172860325568
Rule_Voltage_Drop_Simultaneous_scanning,Identify_problem_goal_stated,0.3268267380383422,0.01081106272089275
Rule_Voltage_Drop_Simultaneous_scanning,Rule_Current_Simultaneous_scanning,0.3646480789508282,0.004176963394897653
Rule_Voltage_Drop_Simultaneous_scanning,Rule_Voltage_Drop_Simultaneous_scanning,1.0,0.0
Rule_Voltage_Drop_Simultaneous_scanning,Rule_Current_Successive_scanning,0.7241321722271413,6.20970504983423e-11
Rule_Voltage_Drop_Simultaneous_scanning,Rule_Voltage_Drop_Successive_scanning,0.3059661431188634,0.017431765653859725
Rule_Voltage_Drop_Simultaneous_scanning,Rule_Current_Focus_gambling,0.0014205491341728143,0.9914053089043711
Rule_Voltage_Drop_Simultaneous_scanning,Rule_Voltage_Drop_Focus_gambling,-0.061055544468701296,0.6430645521450612
Rule_Voltage_Drop_Simultaneous_scanning,Rule_Current_Conservative_Focusing,0.34168222505764895,0.007541882427268892
Rule_Voltage_Drop_Simultaneous_scanning,Rule_Voltage_Drop_Conservative_Focusing,0.050409667888276305,0.7020897971752553
Rule_Voltage_Drop_Simultaneous_scanning,Post_test_Current_partial,0.24819243626718387,0.05586537819915837
Rule_Voltage_Drop_Simultaneous_scanning,Post_test_Voltage_Drop_partial,0.20316188792806394,0.11950217459527478
Rule_Voltage_Drop_Simultaneous_scanning,Post_test_Current_1_Valid_link,0.1586421901189872,0.22602119820296593
Rule_Voltage_Drop_Simultaneous_scanning,Post_test_Voltage_Drop_1_Valid_link,0.14117530797283923,0.2819561976272436
Rule_Voltage_Drop_Simultaneous_scanning,Post_test_Current_2_Valid_links,0.3418237965308293,0.007515429181943092
Rule_Voltage_Drop_Simultaneous_scanning,Post_test_Voltage_Drop_2_Valid_links,0.1479362977408004,0.2593096473959502
Rule_Current_Successive_scanning,No_action,-0.17824736481132497,0.17301047332771932
Rule_Current_Successive_scanning,No_new_comparative_trial,-0.5951548033013052,5.297135581843037e-07
Rule_Current_Successive_scanning,Prediction_Current_same_rule,0.11516433809221194,0.3809136266050177
Rule_Current_Successive_scanning,Prediction_Voltage_Drop_same_rule,0.3521342806499461,0.0057939323642550375
Rule_Current_Successive_scanning,Confidence_Current_verify_prediction,0.24317239326814008,0.06118010036588525
Rule_Current_Successive_scanning,Confidence_Voltage_Drop_verify_prediction,0.4149371270443387,0.0009791559518279975
Rule_Current_Successive_scanning,Rule_Current_Confirming_Redundancy,-0.2930122881328383,0.02308422778479432
Rule_Current_Successive_scanning,Rule_Voltage_Drop_Confirming_Redundancy,-0.4282148824013396,0.0006421172020400336
Rule_Current_Successive_scanning,Post_test_Current_non_normative,-0.7408304133687238,1.3144505596208877e-11
Rule_Current_Successive_scanning,Post_test_Voltage_Drop_non_normative,-0.5021835233197091,4.346185881998319e-05
Rule_Current_Successive_scanning,New_comparative_trial,0.5951548033013052,5.297135581843037e-07
Rule_Current_Successive_scanning,Prediction_Current_Fill_up_gaps,0.49220336524613756,6.484971130291704e-05
Rule_Current_Successive_scanning,Prediction_Voltage_Drop_Fill_up_gaps,0.3280349208795614,0.010505646633257837
Rule_Current_Successive_scanning,Confidence_Current_falsify_prediction,0.4799574547067864,0.00010421748012662424
Rule_Current_Successive_scanning,Confidence_Voltage_Drop_falsify_prediction,0.30394471673596535,0.01822699825368133
Rule_Current_Successive_scanning,Identify_problem_goal_stated,0.02634275810463001,0.8416429866981778
Rule_Current_Successive_scanning,Rule_Current_Simultaneous_scanning,0.42960173645748373,0.000613821184107013
Rule_Current_Successive_scanning,Rule_Voltage_Drop_Simultaneous_scanning,0.7241321722271413,6.20970504983423e-11
Rule_Current_Successive_scanning,Rule_Current_Successive_scanning,1.0,0.0
Rule_Current_Successive_scanning,Rule_Voltage_Drop_Successive_scanning,0.4322716746601234,0.0005625053121756582
Rule_Current_Successive_scanning,Rule_Current_Focus_gambling,-0.15480201730555693,0.23760181023135238
Rule_Current_Successive_scanning,Rule_Voltage_Drop_Focus_gambling,-0.016307421683818577,0.9015783719640683
Rule_Current_Successive_scanning,Rule_Current_Conservative_Focusing,-0.03838411914948426,0.7709175220610072
Rule_Current_Successive_scanning,Rule_Voltage_Drop_Conservative_Focusing,-0.05592737512253275,0.6712515087208659
Rule_Current_Successive_scanning,Post_test_Current_partial,0.5189456486389266,2.1564290126948618e-05
Rule_Current_Successive_scanning,Post_test_Voltage_Drop_partial,0.2785521498275564,0.031152434661677227
Rule_Current_Successive_scanning,Post_test_Current_1_Valid_link,0.2578873408427899,0.04666206180673365
Rule_Current_Successive_scanning,Post_test_Voltage_Drop_1_Valid_link,0.12203930036033862,0.35293823678109204
Rule_Current_Successive_scanning,Post_test_Current_2_Valid_links,0.006732520399336032,0.9592829626743526
Rule_Current_Successive_scanning,Post_test_Voltage_Drop_2_Valid_links,0.10248643333055286,0.43585488346539225
Rule_Voltage_Drop_Successive_scanning,No_action,-0.16447806397528833,0.209183401251624
Rule_Voltage_Drop_Successive_scanning,No_new_comparative_trial,-0.46582800221564546,0.00017627061895661138
Rule_Voltage_Drop_Successive_scanning,Prediction_Current_same_rule,0.45737502466013225,0.00023881133983523576
Rule_Voltage_Drop_Successive_scanning,Prediction_Voltage_Drop_same_rule,0.3729933416796889,0.003333987259132895
Rule_Voltage_Drop_Successive_scanning,Confidence_Current_verify_prediction,0.4739671217502479,0.0001305930431245452
Rule_Voltage_Drop_Successive_scanning,Confidence_Voltage_Drop_verify_prediction,0.5065921843308802,3.627401988728946e-05
Rule_Voltage_Drop_Successive_scanning,Rule_Current_Confirming_Redundancy,-0.19976540993894912,0.12594350809933877
Rule_Voltage_Drop_Successive_scanning,Rule_Voltage_Drop_Confirming_Redundancy,-0.36406070711010424,0.0042428323934011495
Rule_Voltage_Drop_Successive_scanning,Post_test_Current_non_normative,-0.2922251780877718,0.02347263960209982
Rule_Voltage_Drop_Successive_scanning,Post_test_Voltage_Drop_non_normative,-0.52111874545854,1.9637639460098143e-05
Rule_Voltage_Drop_Successive_scanning,New_comparative_trial,0.46582800221564546,0.00017627061895661138
Rule_Voltage_Drop_Successive_scanning,Prediction_Current_Fill_up_gaps,0.1316410048235998,0.3160498750112477
Rule_Voltage_Drop_Successive_scanning,Prediction_Voltage_Drop_Fill_up_gaps,0.406260753156625,0.0012782706419986242
Rule_Voltage_Drop_Successive_scanning,Confidence_Current_falsify_prediction,0.1734921838039469,0.1849478335289533
Rule_Voltage_Drop_Successive_scanning,Confidence_Voltage_Drop_falsify_prediction,0.3267917803370838,0.010820012877579555
Rule_Voltage_Drop_Successive_scanning,Identify_problem_goal_stated,0.08345579979690107,0.5261104501305187
Rule_Voltage_Drop_Successive_scanning,Rule_Current_Simultaneous_scanning,0.7696839671490412,6.661453674517349e-13
Rule_Voltage_Drop_Successive_scanning,Rule_Voltage_Drop_Simultaneous_scanning,0.3059661431188634,0.017431765653859725
Rule_Voltage_Drop_Successive_scanning,Rule_Current_Successive_scanning,0.4322716746601234,0.0005625053121756582
Rule_Voltage_Drop_Successive_scanning,Rule_Voltage_Drop_Successive_scanning,1.0,0.0
Rule_Voltage_Drop_Successive_scanning,Rule_Current_Focus_gambling,-0.1584447427054429,0.22660688602824577
Rule_Voltage_Drop_Successive_scanning,Rule_Voltage_Drop_Focus_gambling,-0.2384451422768602,0.06655061331503781
Rule_Voltage_Drop_Successive_scanning,Rule_Current_Conservative_Focusing,-0.07664879197148114,0.5605081597085015
Rule_Voltage_Drop_Successive_scanning,Rule_Voltage_Drop_Conservative_Focusing,0.08120843850042661,0.5373498214512696
Rule_Voltage_Drop_Successive_scanning,Post_test_Current_partial,0.060393970072191154,0.64667396688604
Rule_Voltage_Drop_Successive_scanning,Post_test_Voltage_Drop_partial,0.4035703110950204,0.001386438238150532
Rule_Voltage_Drop_Successive_scanning,Post_test_Current_1_Valid_link,0.24953138375585632,0.054512967940701436
Rule_Voltage_Drop_Successive_scanning,Post_test_Voltage_Drop_1_Valid_link,0.08259812064603773,0.5303859800665993
Rule_Voltage_Drop_Successive_scanning,Post_test_Current_2_Valid_links,0.039672165023859916,0.7634500187974659
Rule_Voltage_Drop_Successive_scanning,Post_test_Voltage_Drop_2_Valid_links,0.00730540297371785,0.9558215899001892
Rule_Current_Focus_gambling,No_action,-0.13179399499224884,0.3154828268557769
Rule_Current_Focus_gambling,No_new_comparative_trial,-0.2352002315818805,0.07045120913815434
Rule_Current_Focus_gambling,Prediction_Current_same_rule,-0.11748922072804803,0.37130841744319865
Rule_Current_Focus_gambling,Prediction_Voltage_Drop_same_rule,-0.0846414739030318,0.5202282511498353
Rule_Current_Focus_gambling,Confidence_Current_verify_prediction,0.006912185518913237,0.9581973374527358
Rule_Current_Focus_gambling,Confidence_Voltage_Drop_verify_prediction,0.04123411074788404,0.7544233010690355
Rule_Current_Focus_gambling,Rule_Current_Confirming_Redundancy,-0.07437136867416722,0.5722487229208597
Rule_Current_Focus_gambling,Rule_Voltage_Drop_Confirming_Redundancy,-0.06084818559604965,0.6441949823718577
Rule_Current_Focus_gambling,Post_test_Current_non_normative,-0.2927700218845599,0.023203194624388284
Rule_Current_Focus_gambling,Post_test_Voltage_Drop_non_normative,-0.15491933384829668,0.23724209175548086
Rule_Current_Focus_gambling,New_comparative_trial,0.2352002315818805,0.07045120913815434
Rule_Current_Focus_gambling,Prediction_Current_Fill_up_gaps,0.35198088369512043,0.005816761207941224
Rule_Current_Focus_gambling,Prediction_Voltage_Drop_Fill_up_gaps,0.3362644139717855,0.008617241567652398
Rule_Current_Focus_gambling,Confidence_Current_falsify_prediction,0.3942655992070447,0.0018267641757166318
Rule_Current_Focus_gambling,Confidence_Voltage_Drop_falsify_prediction,0.10287288991286378,0.43411710121620606
Rule_Current_Focus_gambling,Identify_problem_goal_stated,0.2359699518621347,0.06950982445642868
Rule_Current_Focus_gambling,Rule_Current_Simultaneous_scanning,-0.1734172681715391,0.1851405319862872
Rule_Current_Focus_gambling,Rule_Voltage_Drop_Simultaneous_scanning,0.0014205491341728143,0.9914053089043711
Rule_Current_Focus_gambling,Rule_Current_Successive_scanning,-0.15480201730555693,0.23760181023135238
Rule_Current_Focus_gambling,Rule_Voltage_Drop_Successive_scanning,-0.1584447427054429,0.22660688602824577
Rule_Current_Focus_gambling,Rule_Current_Focus_gambling,1.0,0.0
Rule_Current_Focus_gambling,Rule_Voltage_Drop_Focus_gambling,0.5393598899705936,8.722746529040448e-06
Rule_Current_Focus_gambling,Rule_Current_Conservative_Focusing,0.2474827260007298,0.05659318485552007
Rule_Current_Focus_gambling,Rule_Voltage_Drop_Conservative_Focusing,0.3131121455425747,0.014853504907802514
Rule_Current_Focus_gambling,Post_test_Current_partial,-0.22135943621178655,0.08918160043035811
Rule_Current_Focus_gambling,Post_test_Voltage_Drop_partial,0.0,1.0
Rule_Current_Focus_gambling,Post_test_Current_1_Valid_link,0.3131121455425747,0.014853504907802514
Rule_Current_Focus_gambling,Post_test_Voltage_Drop_1_Valid_link,0.0,1.0
Rule_Current_Focus_gambling,Post_test_Current_2_Valid_links,0.3075695336070745,0.016822236223182196
Rule_Current_Focus_gambling,Post_test_Voltage_Drop_2_Valid_links,0.15491933384829668,0.23724209175548086
Rule_Voltage_Drop_Focus_gambling,No_action,-0.3073780146038776,0.016894070573045053
Rule_Voltage_Drop_Focus_gambling,No_new_comparative_trial,-0.31714392756765303,0.013548723670900441
Rule_Voltage_Drop_Focus_gambling,Prediction_Current_same_rule,-0.2074579478603329,0.11171854709639192
Rule_Voltage_Drop_Focus_gambling,Prediction_Voltage_Drop_same_rule,-0.36141337707269744,0.004551229021599229
Rule_Voltage_Drop_Focus_gambling,Confidence_Current_verify_prediction,-0.1293203981012652,0.324730879280562
Rule_Voltage_Drop_Focus_gambling,Confidence_Voltage_Drop_verify_prediction,-0.16216685213760212,0.21574266189814564
Rule_Voltage_Drop_Focus_gambling,Rule_Current_Confirming_Redundancy,-0.39572195154625406,0.0017504912019792194
Rule_Voltage_Drop_Focus_gambling,Rule_Voltage_Drop_Confirming_Redundancy,-0.3769758119567063,0.0029877602362837225
Rule_Voltage_Drop_Focus_gambling,Post_test_Current_non_normative,-0.31252705510589024,0.015051534412543786
Rule_Voltage_Drop_Focus_gambling,Post_test_Voltage_Drop_non_normative,-0.26111648393354675,0.04388784783255567
Rule_Voltage_Drop_Focus_gambling,New_comparative_trial,0.31714392756765303,0.013548723670900441
Rule_Voltage_Drop_Focus_gambling,Prediction_Current_Fill_up_gaps,0.24524678793876734,0.05893651489304831
Rule_Voltage_Drop_Focus_gambling,Prediction_Voltage_Drop_Fill_up_gaps,0.4863057038502686,8.167875283413371e-05
Rule_Voltage_Drop_Focus_gambling,Confidence_Current_falsify_prediction,0.2636468523292736,0.041810001334075114
Rule_Voltage_Drop_Focus_gambling,Confidence_Voltage_Drop_falsify_prediction,0.34798855379513477,0.006439343362239771
Rule_Voltage_Drop_Focus_gambling,Identify_problem_goal_stated,0.3181818181818182,0.013229251780007683
Rule_Voltage_Drop_Focus_gambling,Rule_Current_Simultaneous_scanning,0.0023763800477642856,0.9856227706951193
Rule_Voltage_Drop_Focus_gambling,Rule_Voltage_Drop_Simultaneous_scanning,-0.061055544468701296,0.6430645521450612
Rule_Voltage_Drop_Focus_gambling,Rule_Current_Successive_scanning,-0.016307421683818577,0.9015783719640683
Rule_Voltage_Drop_Focus_gambling,Rule_Voltage_Drop_Successive_scanning,-0.2384451422768602,0.06655061331503784
Rule_Voltage_Drop_Focus_gambling,Rule_Current_Focus_gambling,0.5393598899705936,8.722746529040448e-06
Rule_Voltage_Drop_Focus_gambling,Rule_Voltage_Drop_Focus_gambling,1.0,0.0
Rule_Voltage_Drop_Focus_gambling,Rule_Current_Conservative_Focusing,0.28617198750207834,0.026648289468768092
Rule_Voltage_Drop_Focus_gambling,Rule_Voltage_Drop_Conservative_Focusing,0.2744302150984869,0.03384318939917783
Rule_Voltage_Drop_Focus_gambling,Post_test_Current_partial,-0.10660035817780522,0.4175571746397885
Rule_Voltage_Drop_Focus_gambling,Post_test_Voltage_Drop_partial,-0.338501600193165,0.008158009020692174
Rule_Voltage_Drop_Focus_gambling,Post_test_Current_1_Valid_link,0.16888013236829963,0.19708206483324617
Rule_Voltage_Drop_Focus_gambling,Post_test_Voltage_Drop_1_Valid_link,0.17588161767036212,0.17887731797315587
Rule_Voltage_Drop_Focus_gambling,Post_test_Current_2_Valid_links,0.32324284925164637,0.011762669894492027
Rule_Voltage_Drop_Focus_gambling,Post_test_Voltage_Drop_2_Valid_links,0.5222329678670935,1.8712873325166836e-05
Rule_Current_Conservative_Focusing,No_action,-0.5963858960809986,4.949678680960727e-07
Rule_Current_Conservative_Focusing,No_new_comparative_trial,-0.24817361982432326,0.05588457597331227
Rule_Current_Conservative_Focusing,Prediction_Current_same_rule,-0.2793345448408952,0.03066244137847363
Rule_Current_Conservative_Focusing,Prediction_Voltage_Drop_same_rule,-0.014230994832113117,0.9140596494059912
Rule_Current_Conservative_Focusing,Confidence_Current_verify_prediction,-0.0021438334875944634,0.9870295628615511
Rule_Current_Conservative_Focusing,Confidence_Voltage_Drop_verify_prediction,0.1150559150983803,0.3813651696531043
Rule_Current_Conservative_Focusing,Rule_Current_Confirming_Redundancy,-0.30648072094126017,0.017234126332324344
Rule_Current_Conservative_Focusing,Rule_Voltage_Drop_Confirming_Redundancy,-0.1825963506323207,0.1625930706606399
Rule_Current_Conservative_Focusing,Post_test_Current_non_normative,-0.30891889696904123,0.01632348260435786
Rule_Current_Conservative_Focusing,Post_test_Voltage_Drop_non_normative,-0.2724408588894894,0.03520947224865941
Rule_Current_Conservative_Focusing,New_comparative_trial,0.24817361982432326,0.05588457597331227
Rule_Current_Conservative_Focusing,Prediction_Current_Fill_up_gaps,0.5980792222031466,4.506597006982896e-07
Rule_Current_Conservative_Focusing,Prediction_Voltage_Drop_Fill_up_gaps,0.2564525035144193,0.0479400537430081
Rule_Current_Conservative_Focusing,Confidence_Current_falsify_prediction,0.3990215570684833,0.001588129275989473
Rule_Current_Conservative_Focusing,Confidence_Voltage_Drop_falsify_prediction,0.12113342744570657,0.35655016751060986
Rule_Current_Conservative_Focusing,Identify_problem_goal_stated,0.7825267906836493,1.5317811536857672e-13
Rule_Current_Conservative_Focusing,Rule_Current_Simultaneous_scanning,-0.18345612344281156,0.16058935459804552
Rule_Current_Conservative_Focusing,Rule_Voltage_Drop_Simultaneous_scanning,0.34168222505764895,0.007541882427268892
Rule_Current_Conservative_Focusing,Rule_Current_Successive_scanning,-0.03838411914948426,0.7709175220610072
Rule_Current_Conservative_Focusing,Rule_Voltage_Drop_Successive_scanning,-0.07664879197148114,0.5605081597085015
Rule_Current_Conservative_Focusing,Rule_Current_Focus_gambling,0.2474827260007298,0.05659318485552007
Rule_Current_Conservative_Focusing,Rule_Voltage_Drop_Focus_gambling,0.28617198750207834,0.026648289468768092
Rule_Current_Conservative_Focusing,Rule_Current_Conservative_Focusing,1.0,0.0
Rule_Current_Conservative_Focusing,Rule_Voltage_Drop_Conservative_Focusing,0.2803250290747781,0.030051386884656243
Rule_Current_Conservative_Focusing,Post_test_Current_partial,-0.3336705446824217,0.009177714896525638
Rule_Current_Conservative_Focusing,Post_test_Voltage_Drop_partial,-0.10361954010838038,0.4307707020439565
Rule_Current_Conservative_Focusing,Post_test_Current_1_Valid_link,-0.08409750872243342,0.5229227895120698
Rule_Current_Conservative_Focusing,Post_test_Voltage_Drop_1_Valid_link,0.11439549324952693,0.38412249403734366
Rule_Current_Conservative_Focusing,Post_test_Current_2_Valid_links,0.7983207350992216,2.1800744580314854e-14
Rule_Current_Conservative_Focusing,Post_test_Voltage_Drop_2_Valid_links,0.31041746346196364,0.015784460205343222
Rule_Voltage_Drop_Conservative_Focusing,No_action,-0.6477849503631165,2.2128926641116596e-08
Rule_Voltage_Drop_Conservative_Focusing,No_new_comparative_trial,-0.22093214742813916,0.08981659102490618
Rule_Voltage_Drop_Conservative_Focusing,Prediction_Current_same_rule,-0.10510657708652646,0.42414958332171127
Rule_Voltage_Drop_Conservative_Focusing,Prediction_Voltage_Drop_same_rule,-0.02797462202320103,0.8319715520817192
Rule_Voltage_Drop_Conservative_Focusing,Confidence_Current_verify_prediction,0.3030004933501335,0.018608928883302876
Rule_Voltage_Drop_Conservative_Focusing,Confidence_Voltage_Drop_verify_prediction,0.12910900885810112,0.32552909118258677
Rule_Voltage_Drop_Conservative_Focusing,Rule_Current_Confirming_Redundancy,-0.28613573965694045,0.02666834321482031
Rule_Voltage_Drop_Conservative_Focusing,Rule_Voltage_Drop_Confirming_Redundancy,-0.26261286571944514,0.042649058407434486
Rule_Voltage_Drop_Conservative_Focusing,Post_test_Current_non_normative,-0.17315416054977323,0.18581844500436562
Rule_Voltage_Drop_Conservative_Focusing,Post_test_Voltage_Drop_non_normative,-0.24253562503633294,0.06188245664884701
Rule_Voltage_Drop_Conservative_Focusing,New_comparative_trial,0.22093214742813916,0.08981659102490618
Rule_Voltage_Drop_Conservative_Focusing,Prediction_Current_Fill_up_gaps,0.35145545922770866,0.0058955554741034494
Rule_Voltage_Drop_Conservative_Focusing,Prediction_Voltage_Drop_Fill_up_gaps,0.5184987859268547,2.1981580163822476e-05
Rule_Voltage_Drop_Conservative_Focusing,Confidence_Current_falsify_prediction,0.21916732015891247,0.09247691579900519
Rule_Voltage_Drop_Conservative_Focusing,Confidence_Voltage_Drop_falsify_prediction,0.4428978300832508,0.00039456314531971314
Rule_Voltage_Drop_Conservative_Focusing,Identify_problem_goal_stated,0.696630546019236,6.356116969730207e-10
Rule_Voltage_Drop_Conservative_Focusing,Rule_Current_Simultaneous_scanning,0.2957753288665544,0.0217635067723173
Rule_Voltage_Drop_Conservative_Focusing,Rule_Voltage_Drop_Simultaneous_scanning,0.050409667888276305,0.7020897971752553
Rule_Voltage_Drop_Conservative_Focusing,Rule_Current_Successive_scanning,-0.05592737512253275,0.6712515087208659
Rule_Voltage_Drop_Conservative_Focusing,Rule_Voltage_Drop_Successive_scanning,0.08120843850042661,0.5373498214512696
Rule_Voltage_Drop_Conservative_Focusing,Rule_Current_Focus_gambling,0.3131121455425747,0.014853504907802514
Rule_Voltage_Drop_Conservative_Focusing,Rule_Voltage_Drop_Focus_gambling,0.2744302150984869,0.03384318939917783
Rule_Voltage_Drop_Conservative_Focusing,Rule_Current_Conservative_Focusing,0.2803250290747781,0.030051386884656243
Rule_Voltage_Drop_Conservative_Focusing,Rule_Voltage_Drop_Conservative_Focusing,1.0,0.0
Rule_Voltage_Drop_Conservative_Focusing,Post_test_Current_partial,-0.19802950859533489,0.1293356600198335
Rule_Voltage_Drop_Conservative_Focusing,Post_test_Voltage_Drop_partial,-0.3429971702850177,0.007299279616668001
Rule_Voltage_Drop_Conservative_Focusing,Post_test_Current_1_Valid_link,-0.17647058823529413,0.1774034292998227
Rule_Voltage_Drop_Conservative_Focusing,Post_test_Voltage_Drop_1_Valid_link,0.01555866760031122,0.9060765166467584
Rule_Voltage_Drop_Conservative_Focusing,Post_test_Current_2_Valid_links,0.5721576125703091,1.7891554086456799e-06
Rule_Voltage_Drop_Conservative_Focusing,Post_test_Voltage_Drop_2_Valid_links,0.6198132639817397,1.2869223215550365e-07
Post_test_Current_partial,No_action,0.20959614144401564,0.10799270067486434
Post_test_Current_partial,No_new_comparative_trial,-0.371884218998905,0.0034365399703779518
Post_test_Current_partial,Prediction_Current_same_rule,-0.13490205844733796,0.3041040261853354
Post_test_Current_partial,Prediction_Voltage_Drop_same_rule,-0.003345748025591029,0.979759089243647
Post_test_Current_partial,Confidence_Current_verify_prediction,-0.14098571152862166,0.2826095346177594
Post_test_Current_partial,Confidence_Voltage_Drop_verify_prediction,-0.06737008208172031,0.6090356116979669
Post_test_Current_partial,Rule_Current_Confirming_Redundancy,-0.30550722154084964,0.017609657821587063
Post_test_Current_partial,Rule_Voltage_Drop_Confirming_Redundancy,-0.2912285417957125,0.023972356769004877
Post_test_Current_partial,Post_test_Current_non_normative,-0.4629100498862757,0.00019592533423745426
Post_test_Current_partial,Post_test_Voltage_Drop_non_normative,-0.16329931618554522,0.2125109090657592
Post_test_Current_partial,New_comparative_trial,0.371884218998905,0.0034365399703779518
Post_test_Current_partial,Prediction_Current_Fill_up_gaps,0.15775671760375803,0.2286560078417896
Post_test_Current_partial,Prediction_Voltage_Drop_Fill_up_gaps,-0.06016962904495103,0.6478997716677335
Post_test_Current_partial,Confidence_Current_falsify_prediction,0.16939908920452953,0.1956890439683596
Post_test_Current_partial,Confidence_Voltage_Drop_falsify_prediction,0.04405275355113887,0.7382170753106356
Post_test_Current_partial,Identify_problem_goal_stated,-0.34645116407786697,0.0066942229617276035
Post_test_Current_partial,Rule_Current_Simultaneous_scanning,0.16162005119677159,0.21731536466116985
Post_test_Current_partial,Rule_Voltage_Drop_Simultaneous_scanning,0.24819243626718387,0.05586537819915837
Post_test_Current_partial,Rule_Current_Successive_scanning,0.5189456486389266,2.1564290126948618e-05
Post_test_Current_partial,Rule_Voltage_Drop_Successive_scanning,0.060393970072191154,0.64667396688604
Post_test_Current_partial,Rule_Current_Focus_gambling,-0.22135943621178655,0.08918160043035811
Post_test_Current_partial,Rule_Voltage_Drop_Focus_gambling,-0.10660035817780522,0.4175571746397885
Post_test_Current_partial,Rule_Current_Conservative_Focusing,-0.3336705446824217,0.009177714896525638
Post_test_Current_partial,Rule_Voltage_Drop_Conservative_Focusing,-0.19802950859533489,0.1293356600198335
Post_test_Current_partial,Post_test_Current_partial,1.0,0.0
Post_test_Current_partial,Post_test_Voltage_Drop_partial,0.21650635094610965,0.09660411847249717
Post_test_Current_partial,Post_test_Current_1_Valid_link,-0.29704426289300234,0.0211787608236213
Post_test_Current_partial,Post_test_Voltage_Drop_1_Valid_link,-0.23570226039551584,0.06983606947963605
Post_test_Current_partial,Post_test_Current_2_Valid_links,-0.371884218998905,0.0034365399703779518
Post_test_Current_partial,Post_test_Voltage_Drop_2_Valid_links,0.08164965809277261,0.5351339858773895
Post_test_Voltage_Drop_partial,No_action,0.2273316550418383,0.0806699641878071
Post_test_Voltage_Drop_partial,No_new_comparative_trial,-0.3468351179134017,0.00662975474279625
Post_test_Voltage_Drop_partial,Prediction_Current_same_rule,0.2585551196911156,0.046076873466776955
Post_test_Voltage_Drop_partial,Prediction_Voltage_Drop_same_rule,0.3058475161758096,0.017477601431362552
Post_test_Voltage_Drop_partial,Confidence_Current_verify_prediction,0.16300660811312404,0.21334293819842579
Post_test_Voltage_Drop_partial,Confidence_Voltage_Drop_verify_prediction,0.24257804639377287,0.061835464691535266
Post_test_Voltage_Drop_partial,Rule_Current_Confirming_Redundancy,0.10205905815616695,0.43778120522970454
Post_test_Voltage_Drop_partial,Rule_Voltage_Drop_Confirming_Redundancy,-0.03252725299135325,0.8051248162949536
Post_test_Voltage_Drop_partial,Post_test_Current_non_normative,-0.23756554836659946,0.06759041548630497
Post_test_Voltage_Drop_partial,Post_test_Voltage_Drop_non_normative,-0.4714045207910317,0.00014364318587434637
Post_test_Voltage_Drop_partial,New_comparative_trial,0.3468351179134017,0.00662975474279625
Post_test_Voltage_Drop_partial,Prediction_Current_Fill_up_gaps,0.13282628825521048,0.31167372169650204
Post_test_Voltage_Drop_partial,Prediction_Voltage_Drop_Fill_up_gaps,-0.048423993036440925,0.7133088174568674
Post_test_Voltage_Drop_partial,Confidence_Current_falsify_prediction,0.20864556747245344,0.10963709101446076
Post_test_Voltage_Drop_partial,Confidence_Voltage_Drop_falsify_prediction,0.02934677206303185,0.8238584113949374
Post_test_Voltage_Drop_partial,Identify_problem_goal_stated,-0.26156941833108205,0.0435097997608623
Post_test_Voltage_Drop_partial,Rule_Current_Simultaneous_scanning,0.12119753962452162,0.35629379360653546
Post_test_Voltage_Drop_partial,Rule_Voltage_Drop_Simultaneous_scanning,0.20316188792806394,0.11950217459527478
Post_test_Voltage_Drop_partial,Rule_Current_Successive_scanning,0.2785521498275564,0.031152434661677227
Post_test_Voltage_Drop_partial,Rule_Voltage_Drop_Successive_scanning,0.4035703110950204,0.0013864382381505364
Post_test_Voltage_Drop_partial,Rule_Current_Focus_gambling,0.0,1.0
Post_test_Voltage_Drop_partial,Rule_Voltage_Drop_Focus_gambling,-0.338501600193165,0.008158009020692195
Post_test_Voltage_Drop_partial,Rule_Current_Conservative_Focusing,-0.10361954010838038,0.4307707020439566
Post_test_Voltage_Drop_partial,Rule_Voltage_Drop_Conservative_Focusing,-0.3429971702850177,0.007299279616668001
Post_test_Voltage_Drop_partial,Post_test_Current_partial,0.21650635094610965,0.09660411847249717
Post_test_Voltage_Drop_partial,Post_test_Voltage_Drop_partial,1.0,0.0
Post_test_Voltage_Drop_partial,Post_test_Current_1_Valid_link,0.2286647801900118,0.07886068351615218
Post_test_Voltage_Drop_partial,Post_test_Voltage_Drop_1_Valid_link,-0.2721655269759087,0.03540213131051523
Post_test_Voltage_Drop_partial,Post_test_Current_2_Valid_links,-0.181675537954639,0.16475934516661378
Post_test_Voltage_Drop_partial,Post_test_Voltage_Drop_2_Valid_links,-0.4714045207910317,0.00014364318587434637
Post_test_Current_1_Valid_link,No_action,0.0431856633575411,0.7431908628593269
Post_test_Current_1_Valid_link,No_new_comparative_trial,-0.22093214742813916,0.08981659102490618
Post_test_Current_1_Valid_link,Prediction_Current_same_rule,0.2802842055640706,0.030076369007353998
Post_test_Current_1_Valid_link,Prediction_Voltage_Drop_same_rule,0.11189848809280412,0.39465462400408213
Post_test_Current_1_Valid_link,Confidence_Current_verify_prediction,0.2626004275701157,0.042659235461376815
Post_test_Current_1_Valid_link,Confidence_Voltage_Drop_verify_prediction,0.21805077051590413,0.09419158462973806
Post_test_Current_1_Valid_link,Rule_Current_Confirming_Redundancy,0.21460180474270535,0.09964517318820482
Post_test_Current_1_Valid_link,Rule_Voltage_Drop_Confirming_Redundancy,-0.063507686481173,0.6297581186095049
Post_test_Current_1_Valid_link,Post_test_Current_non_normative,-0.27500954910846337,0.033453707422532036
Post_test_Current_1_Valid_link,Post_test_Voltage_Drop_non_normative,-0.24253562503633294,0.06188245664884701
Post_test_Current_1_Valid_link,New_comparative_trial,0.22093214742813916,0.08981659102490618
Post_test_Current_1_Valid_link,Prediction_Current_Fill_up_gaps,0.004338956286761835,0.97375230565994
Post_test_Current_1_Valid_link,Prediction_Voltage_Drop_Fill_up_gaps,0.35240586007284835,0.005753708217006059
Post_test_Current_1_Valid_link,Confidence_Current_falsify_prediction,0.12076566621001299,0.3580229696807966
Post_test_Current_1_Valid_link,Confidence_Voltage_Drop_falsify_prediction,0.22666824973957617,0.08158247055339873
Post_test_Current_1_Valid_link,Identify_problem_goal_stated,-0.14777011582226218,0.25985113361811024
Post_test_Current_1_Valid_link,Rule_Current_Simultaneous_scanning,0.07651899055254144,0.5611742462880162
Post_test_Current_1_Valid_link,Rule_Voltage_Drop_Simultaneous_scanning,0.1586421901189872,0.22602119820296593
Post_test_Current_1_Valid_link,Rule_Current_Successive_scanning,0.2578873408427899,0.04666206180673365
Post_test_Current_1_Valid_link,Rule_Voltage_Drop_Successive_scanning,0.24953138375585632,0.054512967940701436
Post_test_Current_1_Valid_link,Rule_Current_Focus_gambling,0.3131121455425747,0.014853504907802514
Post_test_Current_1_Valid_link,Rule_Voltage_Drop_Focus_gambling,0.16888013236829963,0.19708206483324617
Post_test_Current_1_Valid_link,Rule_Current_Conservative_Focusing,-0.08409750872243342,0.5229227895120698
Post_test_Current_1_Valid_link,Rule_Voltage_Drop_Conservative_Focusing,-0.17647058823529413,0.1774034292998227
Post_test_Current_1_Valid_link,Post_test_Current_partial,-0.29704426289300234,0.021178760823621277
Post_test_Current_1_Valid_link,Post_test_Voltage_Drop_partial,0.2286647801900118,0.07886068351615218
Post_test_Current_1_Valid_link,Post_test_Current_1_Valid_link,1.0,0.0
Post_test_Current_1_Valid_link,Post_test_Voltage_Drop_1_Valid_link,0.17114534360342343,0.19105326823670185
Post_test_Current_1_Valid_link,Post_test_Current_2_Valid_links,-0.22093214742813916,0.08981659102490618
Post_test_Current_1_Valid_link,Post_test_Voltage_Drop_2_Valid_links,-0.13474201390907387,0.30468339207721074
Post_test_Voltage_Drop_1_Valid_link,No_action,-0.11041743699016954,0.4009811077564751
Post_test_Voltage_Drop_1_Valid_link,No_new_comparative_trial,-0.17530790204692587,0.1803215397880013
Post_test_Voltage_Drop_1_Valid_link,Prediction_Current_same_rule,-0.05733834773581985,0.663448984929233
Post_test_Voltage_Drop_1_Valid_link,Prediction_Voltage_Drop_same_rule,0.010514671631275195,0.9364478953353695
Post_test_Voltage_Drop_1_Valid_link,Confidence_Current_verify_prediction,-0.08243262236469151,0.5312129619370156
Post_test_Voltage_Drop_1_Valid_link,Confidence_Voltage_Drop_verify_prediction,0.0,1.0
Post_test_Voltage_Drop_1_Valid_link,Rule_Current_Confirming_Redundancy,-0.09420011621598133,0.4740432897986363
Post_test_Voltage_Drop_1_Valid_link,Rule_Voltage_Drop_Confirming_Redundancy,-0.2083812205499946,0.11009779038709755
Post_test_Voltage_Drop_1_Valid_link,Post_test_Current_non_normative,-0.09698572899377439,0.4610095897028682
Post_test_Voltage_Drop_1_Valid_link,Post_test_Voltage_Drop_non_normative,-0.19245008972987526,0.1407069976290634
Post_test_Voltage_Drop_1_Valid_link,New_comparative_trial,0.17530790204692587,0.1803215397880013
Post_test_Voltage_Drop_1_Valid_link,Prediction_Current_Fill_up_gaps,0.14804587426543164,0.2589530205450071
Post_test_Voltage_Drop_1_Valid_link,Prediction_Voltage_Drop_Fill_up_gaps,0.04297611385774133,0.7443944536210401
Post_test_Voltage_Drop_1_Valid_link,Confidence_Current_falsify_prediction,0.09050289599808492,0.4916424894553749
Post_test_Voltage_Drop_1_Valid_link,Confidence_Voltage_Drop_falsify_prediction,0.04259829164574368,0.7465660886550756
Post_test_Voltage_Drop_1_Valid_link,Identify_problem_goal_stated,0.17588161767036212,0.17887731797315573
Post_test_Voltage_Drop_1_Valid_link,Rule_Current_Simultaneous_scanning,0.07881560977720978,0.5494444008446738
Post_test_Voltage_Drop_1_Valid_link,Rule_Voltage_Drop_Simultaneous_scanning,0.14117530797283923,0.2819561976272436
Post_test_Voltage_Drop_1_Valid_link,Rule_Current_Successive_scanning,0.12203930036033862,0.35293823678109215
Post_test_Voltage_Drop_1_Valid_link,Rule_Voltage_Drop_Successive_scanning,0.08259812064603773,0.5303859800665993
Post_test_Voltage_Drop_1_Valid_link,Rule_Current_Focus_gambling,0.0,1.0
Post_test_Voltage_Drop_1_Valid_link,Rule_Voltage_Drop_Focus_gambling,0.17588161767036212,0.17887731797315573
Post_test_Voltage_Drop_1_Valid_link,Rule_Current_Conservative_Focusing,0.11439549324952693,0.38412249403734366
Post_test_Voltage_Drop_1_Valid_link,Rule_Voltage_Drop_Conservative_Focusing,0.01555866760031122,0.9060765166467584
Post_test_Voltage_Drop_1_Valid_link,Post_test_Current_partial,-0.23570226039551584,0.06983606947963605
Post_test_Voltage_Drop_1_Valid_link,Post_test_Voltage_Drop_partial,-0.2721655269759087,0.03540213131051523
Post_test_Voltage_Drop_1_Valid_link,Post_test_Current_1_Valid_link,0.17114534360342343,0.19105326823670185
Post_test_Voltage_Drop_1_Valid_link,Post_test_Voltage_Drop_1_Valid_link,1.0,0.0
Post_test_Voltage_Drop_1_Valid_link,Post_test_Current_2_Valid_links,0.22924879498444153,0.07807827056325235
Post_test_Voltage_Drop_1_Valid_link,Post_test_Voltage_Drop_2_Valid_links,-0.19245008972987526,0.1407069976290634
Post_test_Current_2_Valid_links,No_action,-0.680680110391304,2.182755695343914e-09
Post_test_Current_2_Valid_links,No_new_comparative_trial,-0.2765957446808511,0.032406384690071684
Post_test_Current_2_Valid_links,Prediction_Current_same_rule,-0.14550602432304627,0.26730439838982567
Post_test_Current_2_Valid_links,Prediction_Voltage_Drop_same_rule,0.12123275352726623,0.3561530272459452
Post_test_Current_2_Valid_links,Confidence_Current_verify_prediction,0.11130118422760997,0.3971989708499416
Post_test_Current_2_Valid_links,Confidence_Voltage_Drop_verify_prediction,0.22380628608404382,0.0856129114884319
Post_test_Current_2_Valid_links,Rule_Current_Confirming_Redundancy,-0.35485609980208677,0.005401742477747096
Post_test_Current_2_Valid_links,Rule_Voltage_Drop_Confirming_Redundancy,-0.217201670702194,0.09551207133675403
Post_test_Current_2_Valid_links,Post_test_Current_non_normative,-0.3442978847374036,0.007066038135001437
Post_test_Current_2_Valid_links,Post_test_Voltage_Drop_non_normative,-0.30364219331358366,0.01834863220303801
Post_test_Current_2_Valid_links,New_comparative_trial,0.2765957446808511,0.032406384690071684
Post_test_Current_2_Valid_links,Prediction_Current_Fill_up_gaps,0.5904330572891657,6.853587946118326e-07
Post_test_Current_2_Valid_links,Prediction_Voltage_Drop_Fill_up_gaps,0.3329819325474813,0.009331726714593432
Post_test_Current_2_Valid_links,Confidence_Current_falsify_prediction,0.4690842219410602,0.00015647976905763445
Post_test_Current_2_Valid_links,Confidence_Voltage_Drop_falsify_prediction,0.21843365132155357,0.09360082590745342
Post_test_Current_2_Valid_links,Identify_problem_goal_stated,0.8721458008110459,1.1697704533264825e-19
Post_test_Current_2_Valid_links,Rule_Current_Simultaneous_scanning,0.059944519600044543,0.6491307102102912
Post_test_Current_2_Valid_links,Rule_Voltage_Drop_Simultaneous_scanning,0.3418237965308293,0.007515429181943092
Post_test_Current_2_Valid_links,Rule_Current_Successive_scanning,0.006732520399336032,0.9592829626743526
Post_test_Current_2_Valid_links,Rule_Voltage_Drop_Successive_scanning,0.039672165023859916,0.763450018797466
Post_test_Current_2_Valid_links,Rule_Current_Focus_gambling,0.3075695336070745,0.016822236223182196
Post_test_Current_2_Valid_links,Rule_Voltage_Drop_Focus_gambling,0.32324284925164637,0.01176266989449204
Post_test_Current_2_Valid_links,Rule_Current_Conservative_Focusing,0.7983207350992216,2.1800744580314854e-14
Post_test_Current_2_Valid_links,Rule_Voltage_Drop_Conservative_Focusing,0.5721576125703091,1.7891554086456862e-06
Post_test_Current_2_Valid_links,Post_test_Current_partial,-0.371884218998905,0.003436539970377946
Post_test_Current_2_Valid_links,Post_test_Voltage_Drop_partial,-0.181675537954639,0.16475934516661372
Post_test_Current_2_Valid_links,Post_test_Current_1_Valid_link,-0.22093214742813916,0.08981659102490623
Post_test_Current_2_Valid_links,Post_test_Voltage_Drop_1_Valid_link,0.22924879498444153,0.07807827056325227
Post_test_Current_2_Valid_links,Post_test_Current_2_Valid_links,1.0,0.0
Post_test_Current_2_Valid_links,Post_test_Voltage_Drop_2_Valid_links,0.3503563769002888,0.006063412186046248
Post_test_Voltage_Drop_2_Valid_links,No_action,-0.5341771546065245,1.103758538337123e-05
Post_test_Voltage_Drop_2_Valid_links,No_new_comparative_trial,-0.30364219331358366,0.01834863220303801
Post_test_Voltage_Drop_2_Valid_links,Prediction_Current_same_rule,-0.025279655291034292,0.8479562263528093
Post_test_Voltage_Drop_2_Valid_links,Prediction_Voltage_Drop_same_rule,-0.09105972745135883,0.4889702525268165
Post_test_Voltage_Drop_2_Valid_links,Confidence_Current_verify_prediction,0.28555498027356846,0.02699137701286332
Post_test_Voltage_Drop_2_Valid_links,Confidence_Voltage_Drop_verify_prediction,0.13012513084774063,0.32170354822128394
Post_test_Voltage_Drop_2_Valid_links,Rule_Current_Confirming_Redundancy,-0.37024630209743775,0.003593100394894767
Post_test_Voltage_Drop_2_Valid_links,Rule_Voltage_Drop_Confirming_Redundancy,-0.2788336928751132,0.030975363411186875
Post_test_Voltage_Drop_2_Valid_links,Post_test_Current_non_normative,-0.2939723678960656,0.022617832242572987
Post_test_Voltage_Drop_2_Valid_links,Post_test_Voltage_Drop_non_normative,-0.3333333333333333,0.009252855779076984
Post_test_Voltage_Drop_2_Valid_links,New_comparative_trial,0.30364219331358366,0.01834863220303801
Post_test_Voltage_Drop_2_Valid_links,Prediction_Current_Fill_up_gaps,0.2945882562392293,0.022322859351878197
Post_test_Voltage_Drop_2_Valid_links,Prediction_Voltage_Drop_Fill_up_gaps,0.538327029543836,9.144496240080524e-06
Post_test_Voltage_Drop_2_Valid_links,Confidence_Current_falsify_prediction,0.17704163474914458,0.17598282439815335
Post_test_Voltage_Drop_2_Valid_links,Confidence_Voltage_Drop_falsify_prediction,0.39473586913644715,0.0018018160407035325
Post_test_Voltage_Drop_2_Valid_links,Identify_problem_goal_stated,0.5222329678670935,1.8712873325166836e-05
Post_test_Voltage_Drop_2_Valid_links,Rule_Current_Simultaneous_scanning,0.336124457210053,0.008646704199417909
Post_test_Voltage_Drop_2_Valid_links,Rule_Voltage_Drop_Simultaneous_scanning,0.1479362977408004,0.2593096473959502
Post_test_Voltage_Drop_2_Valid_links,Rule_Current_Successive_scanning,0.10248643333055286,0.43585488346539225
Post_test_Voltage_Drop_2_Valid_links,Rule_Voltage_Drop_Successive_scanning,0.00730540297371785,0.9558215899001892
Post_test_Voltage_Drop_2_Valid_links,Rule_Current_Focus_gambling,0.15491933384829668,0.23724209175548083
Post_test_Voltage_Drop_2_Valid_links,Rule_Voltage_Drop_Focus_gambling,0.5222329678670935,1.8712873325166836e-05
Post_test_Voltage_Drop_2_Valid_links,Rule_Current_Conservative_Focusing,0.31041746346196364,0.015784460205343194
Post_test_Voltage_Drop_2_Valid_links,Rule_Voltage_Drop_Conservative_Focusing,0.6198132639817397,1.2869223215550365e-07
Post_test_Voltage_Drop_2_Valid_links,Post_test_Current_partial,0.08164965809277261,0.5351339858773895
Post_test_Voltage_Drop_2_Valid_links,Post_test_Voltage_Drop_partial,-0.4714045207910317,0.00014364318587434637
Post_test_Voltage_Drop_2_Valid_links,Post_test_Current_1_Valid_link,-0.13474201390907387,0.3046833920772105
Post_test_Voltage_Drop_2_Valid_links,Post_test_Voltage_Drop_1_Valid_link,-0.19245008972987526,0.1407069976290634
Post_test_Voltage_Drop_2_Valid_links,Post_test_Current_2_Valid_links,0.3503563769002888,0.006063412186046248
Post_test_Voltage_Drop_2_Valid_links,Post_test_Voltage_Drop_2_Valid_links,1.0,0.0
